experimentPhase	block	condition	trialnum	subject	task	noisePercent	leftStreamFlip	rightStreamFlip	rightResponseFirst	word1_0	word1_1	word1_2	word1_3	word1_4	word1_5	word1_6	word1_7	word1_8	word1_9	word1_10	word1_11	word1_12	word1_13	word1_14	word1_15	word1_16	word1_17	Seq1_0	Seq1_1	Seq1_2	Seq1_3	Seq1_4	Seq1_5	Seq1_6	Seq1_7	Seq1_8	Seq1_9	Seq1_10	Seq1_11	Seq1_12	Seq1_13	Seq1_14	Seq1_15	Seq1_16	Seq1_17	word2_0	word2_1	word2_2	word2_3	word2_4	word2_5	word2_6	word2_7	word2_8	word2_9	word2_10	word2_11	word2_12	word2_13	word2_14	word2_15	word2_16	word2_17	Seq2_0	Seq2_1	Seq2_2	Seq2_3	Seq2_4	Seq2_5	Seq2_6	Seq2_7	Seq2_8	Seq2_9	Seq2_10	Seq2_11	Seq2_12	Seq2_13	Seq2_14	Seq2_15	Seq2_16	Seq2_17	timingBlips	file	SOA	letterdurDesired	letterDurFrames	letterdur	side	answer	correct	targetSP	response	SPE
main	1	0	0	MBL	T1	0	False	False	True	i	z	d	j	x	v	y	f	s	h	n	b	k	m	a	l	p	t	1	16	10	7	14	11	17	8	4	5	12	9	15	13	2	3	6	0	i	z	d	j	x	v	y	f	s	h	n	b	k	m	a	l	p	t	2	4	0	3	11	12	5	16	1	15	17	13	10	7	8	9	6	14	1	MBL_14May2019_10-58.txt	350	200	12	200	left	X	0	8	Q	6
main	1	0	0	MBL	T1	0	False	False	True	i	z	d	j	x	v	y	f	s	h	n	b	k	m	a	l	p	t	1	16	10	7	14	11	17	8	4	5	12	9	15	13	2	3	6	0	i	z	d	j	x	v	y	f	s	h	n	b	k	m	a	l	p	t	2	4	0	3	11	12	5	16	1	15	17	13	10	7	8	9	6	14	1	MBL_14May2019_10-58.txt	350	200	12	200	right	Z	0	8	Q	9
main	1	0	1	MBL	T1	0	False	False	True	t	n	b	g	v	f	q	l	u	o	e	c	s	d	j	k	y	p	10	4	9	13	5	7	17	6	0	2	16	3	11	1	15	14	8	12	t	n	b	g	v	f	q	l	u	o	e	c	s	d	j	k	y	p	7	15	10	9	12	1	5	2	4	17	8	0	11	14	6	13	16	3	0	MBL_14May2019_10-58.txt	350	200	12	200	left	T	1	8	T	0
main	1	0	1	MBL	T1	0	False	False	True	t	n	b	g	v	f	q	l	u	o	e	c	s	d	j	k	y	p	10	4	9	13	5	7	17	6	0	2	16	3	11	1	15	14	8	12	t	n	b	g	v	f	q	l	u	o	e	c	s	d	j	k	y	p	7	15	10	9	12	1	5	2	4	17	8	0	11	14	6	13	16	3	0	MBL_14May2019_10-58.txt	350	200	12	200	right	V	1	8	V	0
main	1	0	2	MBL	T1	0	False	False	False	p	e	l	i	m	g	t	s	r	x	h	a	y	q	o	z	j	d	17	3	15	11	13	1	9	10	4	5	0	8	7	12	16	14	6	2	p	e	l	i	m	g	t	s	r	x	h	a	y	q	o	z	j	d	9	5	16	8	1	2	4	17	12	3	13	14	11	10	6	0	15	7	0	MBL_14May2019_10-58.txt	350	200	12	200	left	H	1	7	H	0
main	1	0	2	MBL	T1	0	False	False	False	p	e	l	i	m	g	t	s	r	x	h	a	y	q	o	z	j	d	17	3	15	11	13	1	9	10	4	5	0	8	7	12	16	14	6	2	p	e	l	i	m	g	t	s	r	x	h	a	y	q	o	z	j	d	9	5	16	8	1	2	4	17	12	3	13	14	11	10	6	0	15	7	0	MBL_14May2019_10-58.txt	350	200	12	200	right	D	0	7	R	-4
main	1	0	3	MBL	T1	0	False	False	True	w	p	g	d	q	h	n	j	s	e	r	m	b	z	t	f	x	k	10	4	12	17	11	8	13	0	3	1	6	15	7	2	16	5	14	9	w	p	g	d	q	h	n	j	s	e	r	m	b	z	t	f	x	k	8	4	17	1	16	10	0	9	14	7	2	13	6	5	11	15	12	3	0	MBL_14May2019_10-58.txt	350	200	12	200	left	P	1	9	P	0
main	1	0	3	MBL	T1	0	False	False	True	w	p	g	d	q	h	n	j	s	e	r	m	b	z	t	f	x	k	10	4	12	17	11	8	13	0	3	1	6	15	7	2	16	5	14	9	w	p	g	d	q	h	n	j	s	e	r	m	b	z	t	f	x	k	8	4	17	1	16	10	0	9	14	7	2	13	6	5	11	15	12	3	0	MBL_14May2019_10-58.txt	350	200	12	200	right	J	0	9	X	-5
main	1	0	4	MBL	T1	0	False	False	True	e	n	g	d	q	s	k	u	z	l	a	y	v	h	p	r	t	m	8	12	9	10	11	14	7	16	5	2	3	4	1	17	15	6	0	13	e	n	g	d	q	s	k	u	z	l	a	y	v	h	p	r	t	m	4	9	2	11	10	8	7	5	0	3	13	16	12	15	1	14	17	6	0	MBL_14May2019_10-58.txt	350	200	12	200	left	P	1	5	P	0
main	1	0	4	MBL	T1	0	False	False	True	e	n	g	d	q	s	k	u	z	l	a	y	v	h	p	r	t	m	8	12	9	10	11	14	7	16	5	2	3	4	1	17	15	6	0	13	e	n	g	d	q	s	k	u	z	l	a	y	v	h	p	r	t	m	4	9	2	11	10	8	7	5	0	3	13	16	12	15	1	14	17	6	0	MBL_14May2019_10-58.txt	350	200	12	200	right	Z	0	5	U	1
main	1	0	5	MBL	T1	0	False	False	True	z	j	x	r	d	k	w	v	s	h	i	f	q	b	g	u	a	c	10	3	5	11	13	14	1	17	4	16	6	9	12	0	7	15	8	2	z	j	x	r	d	k	w	v	s	h	i	f	q	b	g	u	a	c	1	0	3	12	7	4	15	5	11	9	13	16	14	2	8	10	17	6	0	MBL_14May2019_10-58.txt	350	200	12	200	left	W	0	10	V	4
main	1	0	5	MBL	T1	0	False	False	True	z	j	x	r	d	k	w	v	s	h	i	f	q	b	g	u	a	c	10	3	5	11	13	14	1	17	4	16	6	9	12	0	7	15	8	2	z	j	x	r	d	k	w	v	s	h	i	f	q	b	g	u	a	c	1	0	3	12	7	4	15	5	11	9	13	16	14	2	8	10	17	6	0	MBL_14May2019_10-58.txt	350	200	12	200	right	B	0	10	H	-1
main	1	0	6	MBL	T1	0	False	False	False	b	c	k	q	e	n	a	m	j	i	d	p	f	o	x	g	z	t	16	10	13	9	12	6	0	14	11	8	5	15	3	4	17	2	1	7	b	c	k	q	e	n	a	m	j	i	d	p	f	o	x	g	z	t	15	0	13	12	11	14	3	16	5	2	9	6	1	7	8	10	17	4	0	MBL_14May2019_10-58.txt	350	200	12	200	left	N	1	10	N	0
main	1	0	6	MBL	T1	0	False	False	False	b	c	k	q	e	n	a	m	j	i	d	p	f	o	x	g	z	t	16	10	13	9	12	6	0	14	11	8	5	15	3	4	17	2	1	7	b	c	k	q	e	n	a	m	j	i	d	p	f	o	x	g	z	t	15	0	13	12	11	14	3	16	5	2	9	6	1	7	8	10	17	4	0	MBL_14May2019_10-58.txt	350	200	12	200	right	I	0	10	K	-1
main	1	0	7	MBL	T1	0	False	False	False	g	i	k	m	t	w	p	c	r	s	j	a	u	z	h	y	f	x	14	1	2	16	6	4	3	17	12	5	13	11	0	7	10	9	8	15	g	i	k	m	t	w	p	c	r	s	j	a	u	z	h	y	f	x	10	1	2	15	8	4	13	0	14	3	16	7	9	5	17	11	12	6	0	MBL_14May2019_10-58.txt	350	200	12	200	left	A	1	11	A	0
main	1	0	7	MBL	T1	0	False	False	False	g	i	k	m	t	w	p	c	r	s	j	a	u	z	h	y	f	x	14	1	2	16	6	4	3	17	12	5	13	11	0	7	10	9	8	15	g	i	k	m	t	w	p	c	r	s	j	a	u	z	h	y	f	x	10	1	2	15	8	4	13	0	14	3	16	7	9	5	17	11	12	6	0	MBL_14May2019_10-58.txt	350	200	12	200	right	C	0	11	O	7
main	1	0	0	MBL	T1	0	False	False	True	j	l	v	n	g	b	f	c	u	w	i	m	o	k	h	y	d	t	17	15	2	0	10	4	1	11	16	5	14	7	13	12	3	6	8	9	j	l	v	n	g	b	f	c	u	w	i	m	o	k	h	y	d	t	2	15	11	3	7	13	16	6	1	0	12	4	9	17	5	8	10	14	1	MBL_14May2019_11-04.txt	400	250	14	233.33333333333334	left	B	1	9	B	0
main	1	0	0	MBL	T1	0	False	False	True	j	l	v	n	g	b	f	c	u	w	i	m	o	k	h	y	d	t	17	15	2	0	10	4	1	11	16	5	14	7	13	12	3	6	8	9	j	l	v	n	g	b	f	c	u	w	i	m	o	k	h	y	d	t	2	15	11	3	7	13	16	6	1	0	12	4	9	17	5	8	10	14	1	MBL_14May2019_11-04.txt	400	250	14	233.33333333333334	right	J	0	9	V	-9
main	1	0	1	MBL	T1	0	False	False	False	o	a	u	w	g	n	c	p	j	k	r	l	i	t	d	z	x	f	11	5	15	17	9	1	14	12	2	16	10	0	8	4	6	7	3	13	o	a	u	w	g	n	c	p	j	k	r	l	i	t	d	z	x	f	5	16	0	14	10	9	4	3	8	7	13	2	15	11	1	17	12	6	0	MBL_14May2019_11-04.txt	400	250	14	233.33333333333334	left	A	1	5	A	0
main	1	0	1	MBL	T1	0	False	False	False	o	a	u	w	g	n	c	p	j	k	r	l	i	t	d	z	x	f	11	5	15	17	9	1	14	12	2	16	10	0	8	4	6	7	3	13	o	a	u	w	g	n	c	p	j	k	r	l	i	t	d	z	x	f	5	16	0	14	10	9	4	3	8	7	13	2	15	11	1	17	12	6	0	MBL_14May2019_11-04.txt	400	250	14	233.33333333333334	right	K	1	5	K	0
main	1	0	2	MBL	T1	0	False	False	True	y	l	o	x	k	s	w	j	p	v	d	a	z	g	q	m	n	i	7	15	1	14	17	13	8	5	3	0	11	16	2	10	6	4	12	9	y	l	o	x	k	s	w	j	p	v	d	a	z	g	q	m	n	i	17	10	6	2	5	7	3	4	9	16	8	0	11	13	12	15	1	14	0	MBL_14May2019_11-04.txt	400	250	14	233.33333333333334	left	G	1	5	G	0
main	1	0	2	MBL	T1	0	False	False	True	y	l	o	x	k	s	w	j	p	v	d	a	z	g	q	m	n	i	7	15	1	14	17	13	8	5	3	0	11	16	2	10	6	4	12	9	y	l	o	x	k	s	w	j	p	v	d	a	z	g	q	m	n	i	17	10	6	2	5	7	3	4	9	16	8	0	11	13	12	15	1	14	0	MBL_14May2019_11-04.txt	400	250	14	233.33333333333334	right	J	0	5	I	-5
main	1	0	3	MBL	T1	0	False	False	False	u	j	n	r	e	s	k	o	b	h	c	a	v	l	i	w	x	t	14	15	17	5	3	9	1	13	16	7	11	6	4	12	2	8	10	0	u	j	n	r	e	s	k	o	b	h	c	a	v	l	i	w	x	t	17	4	2	7	9	14	13	16	3	12	8	15	1	11	0	6	5	10	0	MBL_14May2019_11-04.txt	400	250	14	233.33333333333334	left	A	1	10	A	0
main	1	0	3	MBL	T1	0	False	False	False	u	j	n	r	e	s	k	o	b	h	c	a	v	l	i	w	x	t	14	15	17	5	3	9	1	13	16	7	11	6	4	12	2	8	10	0	u	j	n	r	e	s	k	o	b	h	c	a	v	l	i	w	x	t	17	4	2	7	9	14	13	16	3	12	8	15	1	11	0	6	5	10	0	MBL_14May2019_11-04.txt	400	250	14	233.33333333333334	right	B	0	10	U	4
main	1	0	4	MBL	T1	0	False	False	False	q	c	v	t	h	g	d	p	r	x	l	m	w	k	y	f	a	u	5	15	10	11	6	7	4	0	14	13	1	16	8	2	12	9	17	3	q	c	v	t	h	g	d	p	r	x	l	m	w	k	y	f	a	u	15	6	16	17	12	1	13	8	9	5	0	4	14	3	10	2	7	11	0	MBL_14May2019_11-04.txt	400	250	14	233.33333333333334	left	C	1	10	C	0
main	1	0	4	MBL	T1	0	False	False	False	q	c	v	t	h	g	d	p	r	x	l	m	w	k	y	f	a	u	5	15	10	11	6	7	4	0	14	13	1	16	8	2	12	9	17	3	q	c	v	t	h	g	d	p	r	x	l	m	w	k	y	f	a	u	15	6	16	17	12	1	13	8	9	5	0	4	14	3	10	2	7	11	0	MBL_14May2019_11-04.txt	400	250	14	233.33333333333334	right	Q	0	10	Z	11
main	1	0	5	MBL	T1	0	False	False	False	t	r	n	o	e	i	p	y	d	m	j	l	a	v	c	b	u	h	7	10	0	3	11	13	15	17	14	5	2	4	12	8	16	1	6	9	t	r	n	o	e	i	p	y	d	m	j	l	a	v	c	b	u	h	12	15	16	17	11	5	1	10	2	14	8	9	3	7	6	13	0	4	0	MBL_14May2019_11-04.txt	400	250	14	233.33333333333334	left	E	1	11	E	0
main	1	0	5	MBL	T1	0	False	False	False	t	r	n	o	e	i	p	y	d	m	j	l	a	v	c	b	u	h	7	10	0	3	11	13	15	17	14	5	2	4	12	8	16	1	6	9	t	r	n	o	e	i	p	y	d	m	j	l	a	v	c	b	u	h	12	15	16	17	11	5	1	10	2	14	8	9	3	7	6	13	0	4	0	MBL_14May2019_11-04.txt	400	250	14	233.33333333333334	right	M	1	11	M	0
main	1	0	0	MBL	T1	0	False	False	False	g	p	k	f	s	w	a	n	j	e	r	d	q	u	y	o	m	i	8	4	6	7	15	3	11	14	9	17	5	13	16	10	12	2	1	0	g	p	k	f	s	w	a	n	j	e	r	d	q	u	y	o	m	i	17	14	13	15	8	11	9	2	4	10	12	0	7	5	3	16	1	6	1	MBL_14May2019_11-06.txt	400	300	18	300	left	D	1	6	D	0
main	1	0	0	MBL	T1	0	False	False	False	g	p	k	f	s	w	a	n	j	e	r	d	q	u	y	o	m	i	8	4	6	7	15	3	11	14	9	17	5	13	16	10	12	2	1	0	g	p	k	f	s	w	a	n	j	e	r	d	q	u	y	o	m	i	17	14	13	15	8	11	9	2	4	10	12	0	7	5	3	16	1	6	1	MBL_14May2019_11-06.txt	400	300	18	300	right	E	0	6	U	-4
main	1	0	1	MBL	T1	0	False	False	True	h	r	x	c	o	m	b	g	a	p	f	e	w	l	d	k	t	s	0	3	8	17	13	1	11	5	14	7	12	10	9	15	16	4	2	6	h	r	x	c	o	m	b	g	a	p	f	e	w	l	d	k	t	s	9	14	17	1	12	16	6	13	2	8	3	11	15	0	5	4	10	7	0	MBL_14May2019_11-06.txt	400	300	18	300	left	E	1	6	E	0
main	1	0	1	MBL	T1	0	False	False	True	h	r	x	c	o	m	b	g	a	p	f	e	w	l	d	k	t	s	0	3	8	17	13	1	11	5	14	7	12	10	9	15	16	4	2	6	h	r	x	c	o	m	b	g	a	p	f	e	w	l	d	k	t	s	9	14	17	1	12	16	6	13	2	8	3	11	15	0	5	4	10	7	0	MBL_14May2019_11-06.txt	400	300	18	300	right	B	1	6	B	0
main	1	0	2	MBL	T1	0	False	False	True	m	h	a	j	v	i	f	o	c	k	g	n	l	z	q	e	x	p	5	0	2	10	12	16	3	11	14	15	13	7	4	6	8	9	17	1	m	h	a	j	v	i	f	o	c	k	g	n	l	z	q	e	x	p	5	13	16	3	7	4	8	9	6	15	2	0	17	11	1	12	10	14	0	MBL_14May2019_11-06.txt	400	300	18	300	left	X	1	5	X	0
main	1	0	2	MBL	T1	0	False	False	True	m	h	a	j	v	i	f	o	c	k	g	n	l	z	q	e	x	p	5	0	2	10	12	16	3	11	14	15	13	7	4	6	8	9	17	1	m	h	a	j	v	i	f	o	c	k	g	n	l	z	q	e	x	p	5	13	16	3	7	4	8	9	6	15	2	0	17	11	1	12	10	14	0	MBL_14May2019_11-06.txt	400	300	18	300	right	V	1	5	V	0
main	1	0	3	MBL	T1	0	False	False	True	t	v	l	c	z	e	o	u	p	f	k	g	b	x	w	q	j	a	12	6	9	2	17	7	5	14	15	13	0	8	4	1	10	11	16	3	t	v	l	c	z	e	o	u	p	f	k	g	b	x	w	q	j	a	5	7	13	6	14	1	11	2	8	15	10	17	16	9	0	12	3	4	0	MBL_14May2019_11-06.txt	400	300	18	300	left	U	1	5	U	0
main	1	0	3	MBL	T1	0	False	False	True	t	v	l	c	z	e	o	u	p	f	k	g	b	x	w	q	j	a	12	6	9	2	17	7	5	14	15	13	0	8	4	1	10	11	16	3	t	v	l	c	z	e	o	u	p	f	k	g	b	x	w	q	j	a	5	7	13	6	14	1	11	2	8	15	10	17	16	9	0	12	3	4	0	MBL_14May2019_11-06.txt	400	300	18	300	right	V	1	5	V	0
main	1	0	4	MBL	T1	0	False	False	True	i	b	v	y	g	h	s	t	m	x	f	u	n	c	q	w	j	l	17	16	6	7	4	5	14	8	15	13	10	0	3	2	9	12	1	11	i	b	v	y	g	h	s	t	m	x	f	u	n	c	q	w	j	l	15	10	9	13	7	0	8	4	5	1	16	12	2	11	17	6	3	14	0	MBL_14May2019_11-06.txt	400	300	18	300	left	H	1	5	H	0
main	1	0	4	MBL	T1	0	False	False	True	i	b	v	y	g	h	s	t	m	x	f	u	n	c	q	w	j	l	17	16	6	7	4	5	14	8	15	13	10	0	3	2	9	12	1	11	i	b	v	y	g	h	s	t	m	x	f	u	n	c	q	w	j	l	15	10	9	13	7	0	8	4	5	1	16	12	2	11	17	6	3	14	0	MBL_14May2019_11-06.txt	400	300	18	300	right	I	1	5	I	0
main	1	0	5	MBL	T1	0	False	False	False	h	z	r	n	e	j	y	b	i	a	w	q	t	g	k	u	f	o	7	8	6	15	9	2	14	1	11	0	3	16	10	5	17	13	12	4	h	z	r	n	e	j	y	b	i	a	w	q	t	g	k	u	f	o	11	12	6	8	1	5	14	0	10	16	7	15	4	2	3	13	17	9	0	MBL_14May2019_11-06.txt	400	300	18	300	left	F	1	11	F	0
main	1	0	5	MBL	T1	0	False	False	False	h	z	r	n	e	j	y	b	i	a	w	q	t	g	k	u	f	o	7	8	6	15	9	2	14	1	11	0	3	16	10	5	17	13	12	4	h	z	r	n	e	j	y	b	i	a	w	q	t	g	k	u	f	o	11	12	6	8	1	5	14	0	10	16	7	15	4	2	3	13	17	9	0	MBL_14May2019_11-06.txt	400	300	18	300	right	U	0	11	S	4
main	1	0	6	MBL	T1	0	False	False	False	p	m	f	o	s	k	d	i	x	r	z	l	u	g	y	j	w	q	1	4	14	15	11	12	16	8	7	2	6	3	10	0	17	9	5	13	p	m	f	o	s	k	d	i	x	r	z	l	u	g	y	j	w	q	6	2	15	13	11	17	16	9	5	0	14	1	10	8	4	7	3	12	0	MBL_14May2019_11-06.txt	400	300	18	300	left	U	1	5	U	0
main	1	0	6	MBL	T1	0	False	False	False	p	m	f	o	s	k	d	i	x	r	z	l	u	g	y	j	w	q	1	4	14	15	11	12	16	8	7	2	6	3	10	0	17	9	5	13	p	m	f	o	s	k	d	i	x	r	z	l	u	g	y	j	w	q	6	2	15	13	11	17	16	9	5	0	14	1	10	8	4	7	3	12	0	MBL_14May2019_11-06.txt	400	300	18	300	right	Q	0	5	D	-5
main	1	0	7	MBL	T1	0	False	False	False	i	q	k	c	d	a	v	x	p	t	n	h	z	u	g	e	m	f	10	4	2	7	8	16	12	13	6	11	9	17	15	1	14	5	3	0	i	q	k	c	d	a	v	x	p	t	n	h	z	u	g	e	m	f	3	7	13	4	15	17	5	12	8	16	11	9	10	6	14	1	2	0	0	MBL_14May2019_11-06.txt	400	300	18	300	left	F	1	11	F	0
main	1	0	7	MBL	T1	0	False	False	False	i	q	k	c	d	a	v	x	p	t	n	h	z	u	g	e	m	f	10	4	2	7	8	16	12	13	6	11	9	17	15	1	14	5	3	0	i	q	k	c	d	a	v	x	p	t	n	h	z	u	g	e	m	f	3	7	13	4	15	17	5	12	8	16	11	9	10	6	14	1	2	0	0	MBL_14May2019_11-06.txt	400	300	18	300	right	T	0	11	I	6
main	1	0	8	MBL	T1	0	False	False	True	j	w	n	c	o	z	a	e	d	k	f	t	i	m	b	h	u	v	11	3	13	10	15	2	14	8	0	1	9	12	7	4	5	17	6	16	j	w	n	c	o	z	a	e	d	k	f	t	i	m	b	h	u	v	13	15	5	0	11	1	4	12	8	10	7	14	16	2	3	9	17	6	0	MBL_14May2019_11-06.txt	400	300	18	300	left	W	1	9	W	0
main	1	0	8	MBL	T1	0	False	False	True	j	w	n	c	o	z	a	e	d	k	f	t	i	m	b	h	u	v	11	3	13	10	15	2	14	8	0	1	9	12	7	4	5	17	6	16	j	w	n	c	o	z	a	e	d	k	f	t	i	m	b	h	u	v	13	15	5	0	11	1	4	12	8	10	7	14	16	2	3	9	17	6	0	MBL_14May2019_11-06.txt	400	300	18	300	right	F	0	9	H	-8
main	1	0	9	MBL	T1	0	False	False	False	b	i	w	l	q	f	n	k	r	p	y	h	e	s	z	o	v	j	8	4	17	9	3	16	15	14	13	7	1	6	11	0	10	5	2	12	b	i	w	l	q	f	n	k	r	p	y	h	e	s	z	o	v	j	3	5	16	7	10	8	17	4	2	0	15	12	11	14	13	6	1	9	0	MBL_14May2019_11-06.txt	400	300	18	300	left	Z	1	7	Z	0
main	1	0	9	MBL	T1	0	False	False	False	b	i	w	l	q	f	n	k	r	p	y	h	e	s	z	o	v	j	8	4	17	9	3	16	15	14	13	7	1	6	11	0	10	5	2	12	b	i	w	l	q	f	n	k	r	p	y	h	e	s	z	o	v	j	3	5	16	7	10	8	17	4	2	0	15	12	11	14	13	6	1	9	0	MBL_14May2019_11-06.txt	400	300	18	300	right	Q	0	7	H	5
main	1	0	10	MBL	T1	0	False	False	True	w	i	s	r	a	h	e	q	o	p	v	c	k	l	b	z	f	m	5	4	15	10	13	6	2	1	12	8	9	17	16	0	7	3	14	11	w	i	s	r	a	h	e	q	o	p	v	c	k	l	b	z	f	m	6	14	16	3	9	17	0	1	7	13	8	10	2	15	4	5	11	12	0	MBL_14May2019_11-06.txt	400	300	18	300	left	P	1	10	P	0
main	1	0	10	MBL	T1	0	False	False	True	w	i	s	r	a	h	e	q	o	p	v	c	k	l	b	z	f	m	5	4	15	10	13	6	2	1	12	8	9	17	16	0	7	3	14	11	w	i	s	r	a	h	e	q	o	p	v	c	k	l	b	z	f	m	6	14	16	3	9	17	0	1	7	13	8	10	2	15	4	5	11	12	0	MBL_14May2019_11-06.txt	400	300	18	300	right	O	1	10	O	0
main	1	0	11	MBL	T1	0	False	False	True	n	m	f	j	l	a	d	h	w	g	v	s	t	y	e	u	o	q	0	7	1	10	12	4	11	17	8	16	5	9	6	2	15	13	14	3	n	m	f	j	l	a	d	h	w	g	v	s	t	y	e	u	o	q	16	7	11	8	14	4	0	9	2	13	3	5	10	15	1	6	17	12	0	MBL_14May2019_11-06.txt	400	300	18	300	left	W	1	8	W	0
main	1	0	11	MBL	T1	0	False	False	True	n	m	f	j	l	a	d	h	w	g	v	s	t	y	e	u	o	q	0	7	1	10	12	4	11	17	8	16	5	9	6	2	15	13	14	3	n	m	f	j	l	a	d	h	w	g	v	s	t	y	e	u	o	q	16	7	11	8	14	4	0	9	2	13	3	5	10	15	1	6	17	12	0	MBL_14May2019_11-06.txt	400	300	18	300	right	F	1	8	F	0
main	1	0	12	MBL	T1	0	False	False	True	y	p	i	c	q	k	m	b	r	z	u	s	f	o	n	g	e	d	6	7	8	5	14	10	17	2	9	3	4	0	1	15	13	11	16	12	y	p	i	c	q	k	m	b	r	z	u	s	f	o	n	g	e	d	8	7	5	3	11	4	0	12	15	17	6	9	13	10	1	2	16	14	0	MBL_14May2019_11-06.txt	400	300	18	300	left	Y	1	11	Y	0
main	1	0	12	MBL	T1	0	False	False	True	y	p	i	c	q	k	m	b	r	z	u	s	f	o	n	g	e	d	6	7	8	5	14	10	17	2	9	3	4	0	1	15	13	11	16	12	y	p	i	c	q	k	m	b	r	z	u	s	f	o	n	g	e	d	8	7	5	3	11	4	0	12	15	17	6	9	13	10	1	2	16	14	0	MBL_14May2019_11-06.txt	400	300	18	300	right	Z	1	11	Z	0
main	1	0	13	MBL	T1	0	False	False	True	n	j	g	w	u	q	b	y	a	t	r	s	l	p	h	o	c	d	8	2	15	3	9	6	7	14	12	16	0	5	1	13	10	4	11	17	n	j	g	w	u	q	b	y	a	t	r	s	l	p	h	o	c	d	12	0	6	14	5	16	15	2	7	11	17	4	10	8	1	13	9	3	0	MBL_14May2019_11-06.txt	400	300	18	300	left	N	1	10	N	0
main	1	0	13	MBL	T1	0	False	False	True	n	j	g	w	u	q	b	y	a	t	r	s	l	p	h	o	c	d	8	2	15	3	9	6	7	14	12	16	0	5	1	13	10	4	11	17	n	j	g	w	u	q	b	y	a	t	r	s	l	p	h	o	c	d	12	0	6	14	5	16	15	2	7	11	17	4	10	8	1	13	9	3	0	MBL_14May2019_11-06.txt	400	300	18	300	right	D	1	10	D	0
main	1	0	14	MBL	T1	0	False	False	False	z	p	y	e	r	s	k	l	v	f	t	q	n	x	c	g	o	a	1	15	5	16	3	12	9	10	7	14	8	0	17	13	11	4	2	6	z	p	y	e	r	s	k	l	v	f	t	q	n	x	c	g	o	a	10	7	6	16	14	2	1	13	15	3	4	5	0	8	17	12	9	11	0	MBL_14May2019_11-06.txt	400	300	18	300	left	C	1	9	C	0
main	1	0	14	MBL	T1	0	False	False	False	z	p	y	e	r	s	k	l	v	f	t	q	n	x	c	g	o	a	1	15	5	16	3	12	9	10	7	14	8	0	17	13	11	4	2	6	z	p	y	e	r	s	k	l	v	f	t	q	n	x	c	g	o	a	10	7	6	16	14	2	1	13	15	3	4	5	0	8	17	12	9	11	0	MBL_14May2019_11-06.txt	400	300	18	300	right	E	0	9	U	-8
main	1	0	15	MBL	T1	0	False	False	False	i	c	p	u	h	n	s	f	q	e	d	l	t	j	k	y	w	m	9	15	14	6	13	7	10	2	17	16	11	5	3	12	8	1	0	4	i	c	p	u	h	n	s	f	q	e	d	l	t	j	k	y	w	m	12	9	6	0	3	4	2	15	5	11	7	10	8	1	13	17	16	14	0	MBL_14May2019_11-06.txt	400	300	18	300	left	U	1	12	U	0
main	1	0	15	MBL	T1	0	False	False	False	i	c	p	u	h	n	s	f	q	e	d	l	t	j	k	y	w	m	9	15	14	6	13	7	10	2	17	16	11	5	3	12	8	1	0	4	i	c	p	u	h	n	s	f	q	e	d	l	t	j	k	y	w	m	12	9	6	0	3	4	2	15	5	11	7	10	8	1	13	17	16	14	0	MBL_14May2019_11-06.txt	400	300	18	300	right	Q	0	12	D	-1
main	1	0	16	MBL	T1	0	False	False	False	j	a	z	c	n	w	h	m	u	p	b	f	q	s	d	o	g	i	14	16	12	2	10	0	1	11	8	7	5	3	4	17	15	6	13	9	j	a	z	c	n	w	h	m	u	p	b	f	q	s	d	o	g	i	1	15	16	3	14	6	2	0	9	13	4	8	10	7	12	11	17	5	0	MBL_14May2019_11-06.txt	400	300	18	300	left	J	1	5	J	0
main	1	0	16	MBL	T1	0	False	False	False	j	a	z	c	n	w	h	m	u	p	b	f	q	s	d	o	g	i	14	16	12	2	10	0	1	11	8	7	5	3	4	17	15	6	13	9	j	a	z	c	n	w	h	m	u	p	b	f	q	s	d	o	g	i	1	15	16	3	14	6	2	0	9	13	4	8	10	7	12	11	17	5	0	MBL_14May2019_11-06.txt	400	300	18	300	right	H	0	5	N	5
main	1	0	17	MBL	T1	0	False	False	False	t	w	v	n	c	f	g	l	x	j	a	z	y	k	p	u	h	i	13	11	1	14	3	8	17	0	4	15	9	10	7	16	6	12	2	5	t	w	v	n	c	f	g	l	x	j	a	z	y	k	p	u	h	i	14	16	3	10	6	12	1	13	8	15	5	17	2	9	7	4	0	11	0	MBL_14May2019_11-06.txt	400	300	18	300	left	U	1	9	U	0
main	1	0	17	MBL	T1	0	False	False	False	t	w	v	n	c	f	g	l	x	j	a	z	y	k	p	u	h	i	13	11	1	14	3	8	17	0	4	15	9	10	7	16	6	12	2	5	t	w	v	n	c	f	g	l	x	j	a	z	y	k	p	u	h	i	14	16	3	10	6	12	1	13	8	15	5	17	2	9	7	4	0	11	0	MBL_14May2019_11-06.txt	400	300	18	300	right	U	0	9	B	10
main	1	0	18	MBL	T1	0	False	False	True	x	b	e	j	r	a	d	l	k	p	n	t	z	m	u	g	y	c	14	9	0	17	8	13	10	6	4	2	11	1	15	16	3	7	12	5	x	b	e	j	r	a	d	l	k	p	n	t	z	m	u	g	y	c	3	7	13	6	17	11	16	1	14	4	5	0	9	10	8	12	15	2	0	MBL_14May2019_11-06.txt	400	300	18	300	left	T	1	10	T	0
main	1	0	18	MBL	T1	0	False	False	True	x	b	e	j	r	a	d	l	k	p	n	t	z	m	u	g	y	c	14	9	0	17	8	13	10	6	4	2	11	1	15	16	3	7	12	5	x	b	e	j	r	a	d	l	k	p	n	t	z	m	u	g	y	c	3	7	13	6	17	11	16	1	14	4	5	0	9	10	8	12	15	2	0	MBL_14May2019_11-06.txt	400	300	18	300	right	A	0	10	S	-11
main	1	0	19	MBL	T1	0	False	False	False	m	u	p	j	q	y	f	r	s	b	d	k	l	a	c	w	e	i	8	14	9	6	7	2	16	17	15	0	11	12	5	1	13	3	10	4	m	u	p	j	q	y	f	r	s	b	d	k	l	a	c	w	e	i	11	14	17	9	2	5	0	3	15	8	16	7	1	6	12	10	4	13	0	MBL_14May2019_11-06.txt	400	300	18	300	left	M	1	9	M	0
main	1	0	19	MBL	T1	0	False	False	False	m	u	p	j	q	y	f	r	s	b	d	k	l	a	c	w	e	i	8	14	9	6	7	2	16	17	15	0	11	12	5	1	13	3	10	4	m	u	p	j	q	y	f	r	s	b	d	k	l	a	c	w	e	i	11	14	17	9	2	5	0	3	15	8	16	7	1	6	12	10	4	13	0	MBL_14May2019_11-06.txt	400	300	18	300	right	S	1	9	S	0
main	1	0	20	MBL	T1	0	False	False	False	b	l	m	y	d	q	v	w	o	p	x	c	r	i	j	h	g	f	16	6	2	15	10	17	3	11	13	7	9	12	4	5	0	1	14	8	b	l	m	y	d	q	v	w	o	p	x	c	r	i	j	h	g	f	15	17	5	12	9	11	0	7	16	1	13	2	10	14	8	3	4	6	0	MBL_14May2019_11-06.txt	400	300	18	300	left	P	1	10	P	0
main	1	0	20	MBL	T1	0	False	False	False	b	l	m	y	d	q	v	w	o	p	x	c	r	i	j	h	g	f	16	6	2	15	10	17	3	11	13	7	9	12	4	5	0	1	14	8	b	l	m	y	d	q	v	w	o	p	x	c	r	i	j	h	g	f	15	17	5	12	9	11	0	7	16	1	13	2	10	14	8	3	4	6	0	MBL_14May2019_11-06.txt	400	300	18	300	right	I	1	10	I	0
main	1	0	21	MBL	T1	0	False	False	False	p	k	f	l	j	w	o	g	s	i	e	u	m	a	c	h	r	q	4	0	14	10	7	12	9	13	16	17	5	2	3	8	1	11	6	15	p	k	f	l	j	w	o	g	s	i	e	u	m	a	c	h	r	q	7	4	6	11	14	10	5	13	8	16	0	17	12	9	3	15	1	2	0	MBL_14May2019_11-06.txt	400	300	18	300	left	M	1	5	M	0
main	1	0	21	MBL	T1	0	False	False	False	p	k	f	l	j	w	o	g	s	i	e	u	m	a	c	h	r	q	4	0	14	10	7	12	9	13	16	17	5	2	3	8	1	11	6	15	p	k	f	l	j	w	o	g	s	i	e	u	m	a	c	h	r	q	7	4	6	11	14	10	5	13	8	16	0	17	12	9	3	15	1	2	0	MBL_14May2019_11-06.txt	400	300	18	300	right	E	0	5	O	-3
main	1	0	22	MBL	T1	0	False	False	True	v	h	y	l	d	s	q	i	k	b	j	g	z	o	f	m	e	c	11	2	0	14	17	4	8	3	10	7	16	5	1	12	13	6	9	15	v	h	y	l	d	s	q	i	k	b	j	g	z	o	f	m	e	c	6	1	0	15	5	12	2	17	7	10	9	14	13	4	8	3	11	16	0	MBL_14May2019_11-06.txt	400	300	18	300	left	S	1	11	S	0
main	1	0	22	MBL	T1	0	False	False	True	v	h	y	l	d	s	q	i	k	b	j	g	z	o	f	m	e	c	11	2	0	14	17	4	8	3	10	7	16	5	1	12	13	6	9	15	v	h	y	l	d	s	q	i	k	b	j	g	z	o	f	m	e	c	6	1	0	15	5	12	2	17	7	10	9	14	13	4	8	3	11	16	0	MBL_14May2019_11-06.txt	400	300	18	300	right	F	0	11	I	-3
main	1	0	23	MBL	T1	0	False	False	False	i	k	q	s	t	z	r	e	a	l	y	g	m	v	h	d	n	p	5	14	9	8	2	12	1	16	4	15	3	6	0	7	17	10	13	11	i	k	q	s	t	z	r	e	a	l	y	g	m	v	h	d	n	p	16	8	6	7	10	11	9	0	12	17	14	2	15	4	13	5	1	3	0	MBL_14May2019_11-06.txt	400	300	18	300	left	I	1	12	I	0
main	1	0	23	MBL	T1	0	False	False	False	i	k	q	s	t	z	r	e	a	l	y	g	m	v	h	d	n	p	5	14	9	8	2	12	1	16	4	15	3	6	0	7	17	10	13	11	i	k	q	s	t	z	r	e	a	l	y	g	m	v	h	d	n	p	16	8	6	7	10	11	9	0	12	17	14	2	15	4	13	5	1	3	0	MBL_14May2019_11-06.txt	400	300	18	300	right	D	1	12	D	0
main	1	0	24	MBL	T1	0	False	False	False	h	c	k	y	u	j	b	v	l	a	f	z	g	r	x	i	e	o	16	6	14	2	5	9	10	11	0	7	12	8	15	3	13	17	1	4	h	c	k	y	u	j	b	v	l	a	f	z	g	r	x	i	e	o	6	17	12	7	10	16	8	3	14	4	13	2	9	1	0	15	11	5	0	MBL_14May2019_11-06.txt	400	300	18	300	left	V	1	9	V	0
main	1	0	24	MBL	T1	0	False	False	False	h	c	k	y	u	j	b	v	l	a	f	z	g	r	x	i	e	o	16	6	14	2	5	9	10	11	0	7	12	8	15	3	13	17	1	4	h	c	k	y	u	j	b	v	l	a	f	z	g	r	x	i	e	o	6	17	12	7	10	16	8	3	14	4	13	2	9	1	0	15	11	5	0	MBL_14May2019_11-06.txt	400	300	18	300	right	U	1	9	U	0
main	1	0	25	MBL	T1	0	False	False	True	q	r	l	v	g	n	f	k	o	e	x	b	w	p	a	y	h	j	3	1	4	17	6	15	11	10	9	16	13	12	5	8	0	2	7	14	q	r	l	v	g	n	f	k	o	e	x	b	w	p	a	y	h	j	16	12	8	4	6	5	0	9	14	2	3	17	10	15	1	7	13	11	0	MBL_14May2019_11-06.txt	400	300	18	300	left	N	1	12	N	0
main	1	0	25	MBL	T1	0	False	False	True	q	r	l	v	g	n	f	k	o	e	x	b	w	p	a	y	h	j	3	1	4	17	6	15	11	10	9	16	13	12	5	8	0	2	7	14	q	r	l	v	g	n	f	k	o	e	x	b	w	p	a	y	h	j	16	12	8	4	6	5	0	9	14	2	3	17	10	15	1	7	13	11	0	MBL_14May2019_11-06.txt	400	300	18	300	right	X	1	12	X	0
main	1	0	27	MBL	T1	0	False	False	True	o	l	y	n	j	v	i	g	b	a	r	f	q	k	u	h	w	e	12	16	14	15	9	13	0	8	4	2	11	6	7	10	5	17	3	1	o	l	y	n	j	v	i	g	b	a	r	f	q	k	u	h	w	e	2	10	3	8	5	13	17	0	16	9	12	15	11	14	1	4	6	7	0	MBL_14May2019_11-06.txt	400	300	18	300	left	B	1	7	B	0
main	1	0	27	MBL	T1	0	False	False	True	o	l	y	n	j	v	i	g	b	a	r	f	q	k	u	h	w	e	12	16	14	15	9	13	0	8	4	2	11	6	7	10	5	17	3	1	o	l	y	n	j	v	i	g	b	a	r	f	q	k	u	h	w	e	2	10	3	8	5	13	17	0	16	9	12	15	11	14	1	4	6	7	0	MBL_14May2019_11-06.txt	400	300	18	300	right	O	0	7	V	-3
main	1	0	28	MBL	T1	0	False	False	False	r	m	i	l	s	h	e	o	b	q	f	j	v	u	x	d	w	z	2	12	17	13	4	5	8	11	7	0	9	14	3	6	15	1	10	16	r	m	i	l	s	h	e	o	b	q	f	j	v	u	x	d	w	z	16	3	11	2	14	15	1	8	10	5	9	0	4	6	13	7	17	12	0	MBL_14May2019_11-06.txt	400	300	18	300	left	L	0	12	I	-12
main	1	0	28	MBL	T1	0	False	False	False	r	m	i	l	s	h	e	o	b	q	f	j	v	u	x	d	w	z	2	12	17	13	4	5	8	11	7	0	9	14	3	6	15	1	10	16	r	m	i	l	s	h	e	o	b	q	f	j	v	u	x	d	w	z	16	3	11	2	14	15	1	8	10	5	9	0	4	6	13	7	17	12	0	MBL_14May2019_11-06.txt	400	300	18	300	right	S	1	12	S	0
main	1	0	29	MBL	T1	0	False	False	False	p	d	g	v	t	n	i	z	w	c	q	u	l	o	x	f	e	y	1	15	9	8	7	0	17	10	3	16	6	2	5	11	14	4	12	13	p	d	g	v	t	n	i	z	w	c	q	u	l	o	x	f	e	y	4	5	7	11	10	6	14	1	9	3	0	8	17	12	15	13	2	16	0	MBL_14May2019_11-06.txt	400	300	18	300	left	I	1	10	I	0
main	1	0	29	MBL	T1	0	False	False	False	p	d	g	v	t	n	i	z	w	c	q	u	l	o	x	f	e	y	1	15	9	8	7	0	17	10	3	16	6	2	5	11	14	4	12	13	p	d	g	v	t	n	i	z	w	c	q	u	l	o	x	f	e	y	4	5	7	11	10	6	14	1	9	3	0	8	17	12	15	13	2	16	0	MBL_14May2019_11-06.txt	400	300	18	300	right	P	0	10	W	1
main	1	0	30	MBL	T1	0	False	False	False	p	b	r	g	j	c	m	v	f	z	w	y	u	l	o	n	t	k	5	10	7	9	0	17	11	8	14	3	6	16	4	1	15	2	12	13	p	b	r	g	j	c	m	v	f	z	w	y	u	l	o	n	t	k	9	13	14	10	0	11	6	12	7	16	1	2	5	17	4	15	8	3	0	MBL_14May2019_11-06.txt	400	300	18	300	left	K	1	5	K	0
main	1	0	30	MBL	T1	0	False	False	False	p	b	r	g	j	c	m	v	f	z	w	y	u	l	o	n	t	k	5	10	7	9	0	17	11	8	14	3	6	16	4	1	15	2	12	13	p	b	r	g	j	c	m	v	f	z	w	y	u	l	o	n	t	k	9	13	14	10	0	11	6	12	7	16	1	2	5	17	4	15	8	3	0	MBL_14May2019_11-06.txt	400	300	18	300	right	Y	1	5	Y	0
main	1	0	31	MBL	T1	0	False	False	True	m	i	z	r	n	u	t	g	a	w	v	f	q	c	x	j	e	p	7	4	15	12	5	9	3	11	0	1	6	8	14	16	2	17	10	13	m	i	z	r	n	u	t	g	a	w	v	f	q	c	x	j	e	p	0	16	9	12	13	14	5	6	10	8	17	7	4	3	1	15	2	11	0	MBL_14May2019_11-06.txt	400	300	18	300	left	W	1	5	W	0
main	1	0	31	MBL	T1	0	False	False	True	m	i	z	r	n	u	t	g	a	w	v	f	q	c	x	j	e	p	7	4	15	12	5	9	3	11	0	1	6	8	14	16	2	17	10	13	m	i	z	r	n	u	t	g	a	w	v	f	q	c	x	j	e	p	0	16	9	12	13	14	5	6	10	8	17	7	4	3	1	15	2	11	0	MBL_14May2019_11-06.txt	400	300	18	300	right	X	1	5	X	0
main	1	0	32	MBL	T1	0	False	False	True	v	o	q	g	f	k	w	h	j	y	m	u	r	i	z	d	x	p	17	1	14	4	8	12	13	0	7	3	15	2	9	5	6	11	16	10	v	o	q	g	f	k	w	h	j	y	m	u	r	i	z	d	x	p	11	17	0	7	15	16	13	10	12	1	2	6	9	3	8	4	14	5	0	MBL_14May2019_11-06.txt	400	300	18	300	left	G	1	9	G	0
main	1	0	32	MBL	T1	0	False	False	True	v	o	q	g	f	k	w	h	j	y	m	u	r	i	z	d	x	p	17	1	14	4	8	12	13	0	7	3	15	2	9	5	6	11	16	10	v	o	q	g	f	k	w	h	j	y	m	u	r	i	z	d	x	p	11	17	0	7	15	16	13	10	12	1	2	6	9	3	8	4	14	5	0	MBL_14May2019_11-06.txt	400	300	18	300	right	O	1	9	O	0
main	1	0	33	MBL	T1	0	False	False	True	f	z	y	s	g	n	v	l	j	u	h	r	w	m	c	k	b	d	14	0	6	4	15	17	7	12	3	9	5	16	10	13	8	2	1	11	f	z	y	s	g	n	v	l	j	u	h	r	w	m	c	k	b	d	17	7	1	3	6	0	8	5	4	2	11	9	10	13	15	14	12	16	0	MBL_14May2019_11-06.txt	400	300	18	300	left	H	1	12	H	0
main	1	0	33	MBL	T1	0	False	False	True	f	z	y	s	g	n	v	l	j	u	h	r	w	m	c	k	b	d	14	0	6	4	15	17	7	12	3	9	5	16	10	13	8	2	1	11	f	z	y	s	g	n	v	l	j	u	h	r	w	m	c	k	b	d	17	7	1	3	6	0	8	5	4	2	11	9	10	13	15	14	12	16	0	MBL_14May2019_11-06.txt	400	300	18	300	right	H	0	12	N	-5
main	1	0	34	MBL	T1	0	False	False	False	d	p	m	e	l	v	y	s	i	j	t	z	g	x	h	k	n	o	10	9	11	2	7	14	17	15	3	12	0	16	13	5	4	1	8	6	d	p	m	e	l	v	y	s	i	j	t	z	g	x	h	k	n	o	7	8	1	10	3	4	15	17	9	12	5	0	6	14	16	11	13	2	0	MBL_14May2019_11-06.txt	400	300	18	300	left	O	1	6	O	0
main	1	0	34	MBL	T1	0	False	False	False	d	p	m	e	l	v	y	s	i	j	t	z	g	x	h	k	n	o	10	9	11	2	7	14	17	15	3	12	0	16	13	5	4	1	8	6	d	p	m	e	l	v	y	s	i	j	t	z	g	x	h	k	n	o	7	8	1	10	3	4	15	17	9	12	5	0	6	14	16	11	13	2	0	MBL_14May2019_11-06.txt	400	300	18	300	right	K	1	6	K	0
main	1	0	35	MBL	T1	0	False	False	False	g	i	q	e	w	y	h	s	j	o	t	b	k	f	z	v	d	r	1	13	10	7	8	5	0	17	4	9	11	6	15	16	14	2	12	3	g	i	q	e	w	y	h	s	j	o	t	b	k	f	z	v	d	r	6	0	13	4	11	14	2	5	17	1	9	16	10	7	3	8	15	12	1	MBL_14May2019_11-06.txt	400	300	18	300	left	H	1	11	H	0
main	1	0	35	MBL	T1	0	False	False	False	g	i	q	e	w	y	h	s	j	o	t	b	k	f	z	v	d	r	1	13	10	7	8	5	0	17	4	9	11	6	15	16	14	2	12	3	g	i	q	e	w	y	h	s	j	o	t	b	k	f	z	v	d	r	6	0	13	4	11	14	2	5	17	1	9	16	10	7	3	8	15	12	1	MBL_14May2019_11-06.txt	400	300	18	300	right	D	1	11	D	0
main	1	0	36	MBL	T1	0	False	False	True	r	u	i	t	g	h	n	m	l	d	a	x	y	q	j	k	v	w	7	6	14	10	13	11	8	12	9	1	17	5	2	16	4	3	15	0	r	u	i	t	g	h	n	m	l	d	a	x	y	q	j	k	v	w	3	12	14	10	6	0	1	2	13	15	4	9	8	11	17	16	7	5	0	MBL_14May2019_11-06.txt	400	300	18	300	left	I	1	12	I	0
main	1	0	36	MBL	T1	0	False	False	True	r	u	i	t	g	h	n	m	l	d	a	x	y	q	j	k	v	w	7	6	14	10	13	11	8	12	9	1	17	5	2	16	4	3	15	0	r	u	i	t	g	h	n	m	l	d	a	x	y	q	j	k	v	w	3	12	14	10	6	0	1	2	13	15	4	9	8	11	17	16	7	5	0	MBL_14May2019_11-06.txt	400	300	18	300	right	L	1	12	L	0
main	1	0	37	MBL	T1	0	False	False	False	n	c	d	y	t	g	m	b	x	v	r	o	l	k	u	p	f	e	3	1	0	10	13	17	5	9	11	2	15	8	12	14	6	16	4	7	n	c	d	y	t	g	m	b	x	v	r	o	l	k	u	p	f	e	17	12	15	14	16	8	10	9	4	3	1	0	5	11	2	7	13	6	0	MBL_14May2019_11-06.txt	400	300	18	300	left	L	1	12	L	0
main	1	0	37	MBL	T1	0	False	False	False	n	c	d	y	t	g	m	b	x	v	r	o	l	k	u	p	f	e	3	1	0	10	13	17	5	9	11	2	15	8	12	14	6	16	4	7	n	c	d	y	t	g	m	b	x	v	r	o	l	k	u	p	f	e	17	12	15	14	16	8	10	9	4	3	1	0	5	11	2	7	13	6	0	MBL_14May2019_11-06.txt	400	300	18	300	right	G	0	12	O	1
main	1	0	38	MBL	T1	0	False	False	False	a	i	l	y	c	k	d	j	e	g	b	w	t	r	z	o	m	q	8	16	3	1	4	0	7	17	10	12	6	2	9	13	11	15	5	14	a	i	l	y	c	k	d	j	e	g	b	w	t	r	z	o	m	q	14	13	2	10	9	5	3	6	12	4	1	11	7	16	17	15	8	0	0	MBL_14May2019_11-06.txt	400	300	18	300	left	T	1	9	T	0
main	1	0	38	MBL	T1	0	False	False	False	a	i	l	y	c	k	d	j	e	g	b	w	t	r	z	o	m	q	8	16	3	1	4	0	7	17	10	12	6	2	9	13	11	15	5	14	a	i	l	y	c	k	d	j	e	g	b	w	t	r	z	o	m	q	14	13	2	10	9	5	3	6	12	4	1	11	7	16	17	15	8	0	0	MBL_14May2019_11-06.txt	400	300	18	300	right	C	0	9	I	1
main	1	0	39	MBL	T1	0	False	False	True	s	t	i	m	e	u	y	w	l	a	h	n	j	q	v	c	f	z	11	2	14	15	4	16	6	7	17	8	5	0	1	12	13	10	9	3	s	t	i	m	e	u	y	w	l	a	h	n	j	q	v	c	f	z	13	11	1	16	15	12	6	9	2	3	5	14	7	17	8	10	0	4	0	MBL_14May2019_11-06.txt	400	300	18	300	left	F	1	5	F	0
main	1	0	39	MBL	T1	0	False	False	True	s	t	i	m	e	u	y	w	l	a	h	n	j	q	v	c	f	z	11	2	14	15	4	16	6	7	17	8	5	0	1	12	13	10	9	3	s	t	i	m	e	u	y	w	l	a	h	n	j	q	v	c	f	z	13	11	1	16	15	12	6	9	2	3	5	14	7	17	8	10	0	4	0	MBL_14May2019_11-06.txt	400	300	18	300	right	J	1	5	J	0
main	1	0	40	MBL	T1	0	False	False	False	u	a	h	z	b	e	r	k	s	o	j	w	d	l	p	n	m	q	11	14	12	6	4	10	15	13	2	9	7	8	3	5	0	17	16	1	u	a	h	z	b	e	r	k	s	o	j	w	d	l	p	n	m	q	9	3	6	12	0	2	4	5	10	13	14	17	11	7	16	15	1	8	0	MBL_14May2019_11-06.txt	400	300	18	300	left	Z	1	12	Z	0
main	1	0	40	MBL	T1	0	False	False	False	u	a	h	z	b	e	r	k	s	o	j	w	d	l	p	n	m	q	11	14	12	6	4	10	15	13	2	9	7	8	3	5	0	17	16	1	u	a	h	z	b	e	r	k	s	o	j	w	d	l	p	n	m	q	9	3	6	12	0	2	4	5	10	13	14	17	11	7	16	15	1	8	0	MBL_14May2019_11-06.txt	400	300	18	300	right	W	1	12	W	0
main	1	0	41	MBL	T1	0	False	False	True	y	n	v	k	e	p	i	x	z	r	q	d	f	h	o	t	a	j	14	11	5	15	7	9	3	2	6	17	12	13	0	4	1	10	16	8	y	n	v	k	e	p	i	x	z	r	q	d	f	h	o	t	a	j	1	2	15	5	14	13	0	11	7	4	3	16	6	9	12	8	17	10	0	MBL_14May2019_11-06.txt	400	300	18	300	left	J	1	9	J	0
main	1	0	41	MBL	T1	0	False	False	True	y	n	v	k	e	p	i	x	z	r	q	d	f	h	o	t	a	j	14	11	5	15	7	9	3	2	6	17	12	13	0	4	1	10	16	8	y	n	v	k	e	p	i	x	z	r	q	d	f	h	o	t	a	j	1	2	15	5	14	13	0	11	7	4	3	16	6	9	12	8	17	10	0	MBL_14May2019_11-06.txt	400	300	18	300	right	E	0	9	X	-1
main	1	0	42	MBL	T1	0	False	False	True	z	w	q	e	j	i	k	t	p	o	s	v	r	m	y	n	h	c	15	2	13	1	16	0	8	5	14	3	7	6	17	12	11	9	10	4	z	w	q	e	j	i	k	t	p	o	s	v	r	m	y	n	h	c	17	2	3	9	1	7	6	14	11	15	16	8	13	10	4	12	0	5	0	MBL_14May2019_11-06.txt	400	300	18	300	left	I	1	7	I	0
main	1	0	42	MBL	T1	0	False	False	True	z	w	q	e	j	i	k	t	p	o	s	v	r	m	y	n	h	c	15	2	13	1	16	0	8	5	14	3	7	6	17	12	11	9	10	4	z	w	q	e	j	i	k	t	p	o	s	v	r	m	y	n	h	c	17	2	3	9	1	7	6	14	11	15	16	8	13	10	4	12	0	5	0	MBL_14May2019_11-06.txt	400	300	18	300	right	Y	1	7	Y	0
main	1	0	43	MBL	T1	0	False	False	True	u	h	t	j	f	v	c	r	o	b	n	p	z	y	i	e	q	l	4	2	13	15	17	6	7	0	10	11	12	8	3	14	5	1	9	16	u	h	t	j	f	v	c	r	o	b	n	p	z	y	i	e	q	l	14	6	2	10	8	13	17	15	11	1	3	0	5	4	7	9	12	16	0	MBL_14May2019_11-06.txt	400	300	18	300	left	Z	1	10	Z	0
main	1	0	43	MBL	T1	0	False	False	True	u	h	t	j	f	v	c	r	o	b	n	p	z	y	i	e	q	l	4	2	13	15	17	6	7	0	10	11	12	8	3	14	5	1	9	16	u	h	t	j	f	v	c	r	o	b	n	p	z	y	i	e	q	l	14	6	2	10	8	13	17	15	11	1	3	0	5	4	7	9	12	16	0	MBL_14May2019_11-06.txt	400	300	18	300	right	J	1	10	J	0
main	1	0	44	MBL	T1	0	False	False	True	p	f	s	i	e	t	g	v	k	h	z	w	y	n	l	c	m	a	2	8	11	4	6	10	7	13	17	1	0	15	5	12	3	9	14	16	p	f	s	i	e	t	g	v	k	h	z	w	y	n	l	c	m	a	0	16	10	5	14	1	13	4	8	2	3	9	7	6	15	11	12	17	0	MBL_14May2019_11-06.txt	400	300	18	300	left	T	1	12	T	0
main	1	0	44	MBL	T1	0	False	False	True	p	f	s	i	e	t	g	v	k	h	z	w	y	n	l	c	m	a	2	8	11	4	6	10	7	13	17	1	0	15	5	12	3	9	14	16	p	f	s	i	e	t	g	v	k	h	z	w	y	n	l	c	m	a	0	16	10	5	14	1	13	4	8	2	3	9	7	6	15	11	12	17	0	MBL_14May2019_11-06.txt	400	300	18	300	right	V	1	12	V	0
main	1	0	45	MBL	T1	0	False	False	False	w	c	a	f	l	u	r	i	d	n	t	b	h	j	q	m	o	p	5	16	6	12	8	2	3	10	7	9	14	13	15	4	1	17	11	0	w	c	a	f	l	u	r	i	d	n	t	b	h	j	q	m	o	p	10	11	9	0	15	8	13	1	4	2	16	14	17	12	3	7	5	6	0	MBL_14May2019_11-06.txt	400	300	18	300	left	I	1	8	I	0
main	1	0	45	MBL	T1	0	False	False	False	w	c	a	f	l	u	r	i	d	n	t	b	h	j	q	m	o	p	5	16	6	12	8	2	3	10	7	9	14	13	15	4	1	17	11	0	w	c	a	f	l	u	r	i	d	n	t	b	h	j	q	m	o	p	10	11	9	0	15	8	13	1	4	2	16	14	17	12	3	7	5	6	0	MBL_14May2019_11-06.txt	400	300	18	300	right	L	1	8	L	0
main	1	0	46	MBL	T1	0	False	False	True	n	z	m	f	y	p	i	e	w	t	b	g	c	u	k	q	x	h	9	0	16	2	17	5	3	1	15	4	14	8	13	6	11	12	7	10	n	z	m	f	y	p	i	e	w	t	b	g	c	u	k	q	x	h	16	17	14	9	3	15	11	2	7	13	10	12	5	0	6	1	8	4	0	MBL_14May2019_11-06.txt	400	300	18	300	left	W	1	11	W	0
main	1	0	46	MBL	T1	0	False	False	True	n	z	m	f	y	p	i	e	w	t	b	g	c	u	k	q	x	h	9	0	16	2	17	5	3	1	15	4	14	8	13	6	11	12	7	10	n	z	m	f	y	p	i	e	w	t	b	g	c	u	k	q	x	h	16	17	14	9	3	15	11	2	7	13	10	12	5	0	6	1	8	4	0	MBL_14May2019_11-06.txt	400	300	18	300	right	C	0	11	B	-1
main	1	0	0	MBL	T1	0	False	False	True	h	m	u	l	t	y	j	e	i	c	x	a	z	k	s	b	w	f	10	12	9	6	15	17	3	1	4	13	8	0	7	2	5	14	16	11	h	m	u	l	t	y	j	e	i	c	x	a	z	k	s	b	w	f	4	7	15	1	2	5	9	8	10	0	17	14	13	6	3	16	12	11	1	MBL_14May2019_12-14.txt	350	280	16	266.6666666666667	left	M	1	7	M	0
main	1	0	0	MBL	T1	0	False	False	True	h	m	u	l	t	y	j	e	i	c	x	a	z	k	s	b	w	f	10	12	9	6	15	17	3	1	4	13	8	0	7	2	5	14	16	11	h	m	u	l	t	y	j	e	i	c	x	a	z	k	s	b	w	f	4	7	15	1	2	5	9	8	10	0	17	14	13	6	3	16	12	11	1	MBL_14May2019_12-14.txt	350	280	16	266.6666666666667	right	I	0	7	K	5
main	1	0	1	MBL	T1	0	False	False	False	b	h	g	s	e	c	l	r	x	q	w	m	y	o	i	p	z	v	8	14	17	1	13	3	9	16	4	11	6	15	12	10	2	0	5	7	b	h	g	s	e	c	l	r	x	q	w	m	y	o	i	p	z	v	3	10	5	4	2	1	17	9	0	7	6	13	8	16	14	15	12	11	2	MBL_14May2019_12-14.txt	350	280	16	266.6666666666667	left	S	1	5	S	0
main	1	0	1	MBL	T1	0	False	False	False	b	h	g	s	e	c	l	r	x	q	w	m	y	o	i	p	z	v	8	14	17	1	13	3	9	16	4	11	6	15	12	10	2	0	5	7	b	h	g	s	e	c	l	r	x	q	w	m	y	o	i	p	z	v	3	10	5	4	2	1	17	9	0	7	6	13	8	16	14	15	12	11	2	MBL_14May2019_12-14.txt	350	280	16	266.6666666666667	right	H	0	5	W	-4
main	1	0	2	MBL	T1	0	False	False	True	v	u	y	l	d	w	o	k	p	h	b	j	i	n	f	m	t	q	14	7	9	0	6	15	2	17	3	4	1	10	12	11	5	16	8	13	v	u	y	l	d	w	o	k	p	h	b	j	i	n	f	m	t	q	10	3	12	11	1	13	5	8	9	15	14	0	17	6	4	2	16	7	0	MBL_14May2019_12-14.txt	350	280	16	266.6666666666667	left	L	0	8	I	4
main	1	0	2	MBL	T1	0	False	False	True	v	u	y	l	d	w	o	k	p	h	b	j	i	n	f	m	t	q	14	7	9	0	6	15	2	17	3	4	1	10	12	11	5	16	8	13	v	u	y	l	d	w	o	k	p	h	b	j	i	n	f	m	t	q	10	3	12	11	1	13	5	8	9	15	14	0	17	6	4	2	16	7	0	MBL_14May2019_12-14.txt	350	280	16	266.6666666666667	right	H	1	8	H	0
main	1	0	3	MBL	T1	0	False	False	True	t	b	q	e	r	o	v	f	c	z	d	i	p	n	l	g	j	h	7	8	4	14	0	17	16	3	11	1	6	15	2	5	12	9	10	13	t	b	q	e	r	o	v	f	c	z	d	i	p	n	l	g	j	h	1	9	3	15	11	10	13	14	5	8	0	12	6	2	7	4	16	17	0	MBL_14May2019_12-14.txt	350	280	16	266.6666666666667	left	B	1	9	B	0
main	1	0	3	MBL	T1	0	False	False	True	t	b	q	e	r	o	v	f	c	z	d	i	p	n	l	g	j	h	7	8	4	14	0	17	16	3	11	1	6	15	2	5	12	9	10	13	t	b	q	e	r	o	v	f	c	z	d	i	p	n	l	g	j	h	1	9	3	15	11	10	13	14	5	8	0	12	6	2	7	4	16	17	0	MBL_14May2019_12-14.txt	350	280	16	266.6666666666667	right	C	1	9	C	0
main	1	0	4	MBL	T1	0	False	False	True	j	d	c	p	n	k	b	a	r	x	m	f	l	o	i	s	u	z	10	13	7	12	17	15	16	5	8	0	4	14	1	6	9	3	11	2	j	d	c	p	n	k	b	a	r	x	m	f	l	o	i	s	u	z	13	8	12	15	7	17	10	14	0	11	6	3	2	9	4	16	5	1	0	MBL_14May2019_12-14.txt	350	280	16	266.6666666666667	left	S	1	5	S	0
main	1	0	4	MBL	T1	0	False	False	True	j	d	c	p	n	k	b	a	r	x	m	f	l	o	i	s	u	z	10	13	7	12	17	15	16	5	8	0	4	14	1	6	9	3	11	2	j	d	c	p	n	k	b	a	r	x	m	f	l	o	i	s	u	z	13	8	12	15	7	17	10	14	0	11	6	3	2	9	4	16	5	1	0	MBL_14May2019_12-14.txt	350	280	16	266.6666666666667	right	Z	0	5	A	-1
main	1	0	5	MBL	T1	0	False	False	True	r	m	j	y	p	w	h	z	g	u	e	x	i	q	o	a	v	k	15	16	7	13	4	8	3	17	2	0	6	14	9	11	1	5	12	10	r	m	j	y	p	w	h	z	g	u	e	x	i	q	o	a	v	k	2	13	15	11	5	16	6	1	8	17	7	9	14	12	4	3	0	10	0	MBL_14May2019_12-14.txt	350	280	16	266.6666666666667	left	O	1	11	O	0
main	1	0	5	MBL	T1	0	False	False	True	r	m	j	y	p	w	h	z	g	u	e	x	i	q	o	a	v	k	15	16	7	13	4	8	3	17	2	0	6	14	9	11	1	5	12	10	r	m	j	y	p	w	h	z	g	u	e	x	i	q	o	a	v	k	2	13	15	11	5	16	6	1	8	17	7	9	14	12	4	3	0	10	0	MBL_14May2019_12-14.txt	350	280	16	266.6666666666667	right	U	1	11	U	0
main	1	0	6	MBL	T1	0	False	False	False	i	w	f	e	g	q	l	y	k	m	j	r	s	p	h	c	d	n	4	7	9	16	1	17	12	2	3	15	5	6	0	8	14	13	10	11	i	w	f	e	g	q	l	y	k	m	j	r	s	p	h	c	d	n	12	4	8	6	7	13	1	3	0	5	2	9	14	15	16	17	10	11	0	MBL_14May2019_12-14.txt	350	280	16	266.6666666666667	left	E	1	8	E	0
main	1	0	6	MBL	T1	0	False	False	False	i	w	f	e	g	q	l	y	k	m	j	r	s	p	h	c	d	n	4	7	9	16	1	17	12	2	3	15	5	6	0	8	14	13	10	11	i	w	f	e	g	q	l	y	k	m	j	r	s	p	h	c	d	n	12	4	8	6	7	13	1	3	0	5	2	9	14	15	16	17	10	11	0	MBL_14May2019_12-14.txt	350	280	16	266.6666666666667	right	I	1	8	I	0
main	1	0	7	MBL	T1	0	False	False	False	w	y	x	r	g	d	v	h	q	i	m	j	p	n	b	z	o	c	9	15	12	5	1	4	0	10	2	13	17	11	16	8	3	6	14	7	w	y	x	r	g	d	v	h	q	i	m	j	p	n	b	z	o	c	14	6	2	12	17	3	15	8	7	11	5	13	1	0	10	16	4	9	0	MBL_14May2019_12-14.txt	350	280	16	266.6666666666667	left	W	1	6	W	0
main	1	0	7	MBL	T1	0	False	False	False	w	y	x	r	g	d	v	h	q	i	m	j	p	n	b	z	o	c	9	15	12	5	1	4	0	10	2	13	17	11	16	8	3	6	14	7	w	y	x	r	g	d	v	h	q	i	m	j	p	n	b	z	o	c	14	6	2	12	17	3	15	8	7	11	5	13	1	0	10	16	4	9	0	MBL_14May2019_12-14.txt	350	280	16	266.6666666666667	right	Z	1	6	Z	0
main	1	0	8	MBL	T1	0	False	False	False	a	f	j	m	z	o	t	p	n	v	d	x	g	y	k	u	h	s	11	13	10	16	4	6	1	0	17	9	14	15	8	5	3	7	12	2	a	f	j	m	z	o	t	p	n	v	d	x	g	y	k	u	h	s	13	16	4	2	15	9	6	12	17	14	1	7	3	0	8	10	5	11	0	MBL_14May2019_12-14.txt	350	280	16	266.6666666666667	left	N	0	12	R	-7
main	1	0	8	MBL	T1	0	False	False	False	a	f	j	m	z	o	t	p	n	v	d	x	g	y	k	u	h	s	11	13	10	16	4	6	1	0	17	9	14	15	8	5	3	7	12	2	a	f	j	m	z	o	t	p	n	v	d	x	g	y	k	u	h	s	13	16	4	2	15	9	6	12	17	14	1	7	3	0	8	10	5	11	0	MBL_14May2019_12-14.txt	350	280	16	266.6666666666667	right	M	1	12	M	0
main	1	0	9	MBL	T1	0	False	False	False	s	x	c	o	v	m	p	h	l	k	w	a	j	e	g	t	z	q	11	8	6	13	3	17	1	0	7	14	12	4	9	10	5	16	15	2	s	x	c	o	v	m	p	h	l	k	w	a	j	e	g	t	z	q	16	12	4	8	7	13	15	1	17	3	5	11	0	14	6	9	2	10	0	MBL_14May2019_12-14.txt	350	280	16	266.6666666666667	left	G	1	9	G	0
main	1	0	9	MBL	T1	0	False	False	False	s	x	c	o	v	m	p	h	l	k	w	a	j	e	g	t	z	q	11	8	6	13	3	17	1	0	7	14	12	4	9	10	5	16	15	2	s	x	c	o	v	m	p	h	l	k	w	a	j	e	g	t	z	q	16	12	4	8	7	13	15	1	17	3	5	11	0	14	6	9	2	10	0	MBL_14May2019_12-14.txt	350	280	16	266.6666666666667	right	O	1	9	O	0
main	1	0	10	MBL	T1	0	False	False	False	w	a	c	o	s	t	r	u	v	d	x	l	b	m	j	g	e	n	5	3	11	13	14	7	8	15	6	12	4	2	17	9	0	10	16	1	w	a	c	o	s	t	r	u	v	d	x	l	b	m	j	g	e	n	3	9	7	14	6	12	11	4	10	5	13	0	17	15	8	1	16	2	1	MBL_14May2019_12-14.txt	350	280	16	266.6666666666667	left	R	1	8	R	0
main	1	0	10	MBL	T1	0	False	False	False	w	a	c	o	s	t	r	u	v	d	x	l	b	m	j	g	e	n	5	3	11	13	14	7	8	15	6	12	4	2	17	9	0	10	16	1	w	a	c	o	s	t	r	u	v	d	x	l	b	m	j	g	e	n	3	9	7	14	6	12	11	4	10	5	13	0	17	15	8	1	16	2	1	MBL_14May2019_12-14.txt	350	280	16	266.6666666666667	right	X	1	8	X	0
main	1	0	11	MBL	T1	0	False	False	True	b	m	g	c	r	p	i	y	z	e	q	s	o	t	n	v	j	k	10	9	17	15	13	1	14	11	12	5	2	3	7	8	0	4	16	6	b	m	g	c	r	p	i	y	z	e	q	s	o	t	n	v	j	k	2	4	6	5	11	10	8	12	15	0	14	9	16	1	13	7	17	3	0	MBL_14May2019_12-14.txt	350	280	16	266.6666666666667	left	C	1	11	C	0
main	1	0	11	MBL	T1	0	False	False	True	b	m	g	c	r	p	i	y	z	e	q	s	o	t	n	v	j	k	10	9	17	15	13	1	14	11	12	5	2	3	7	8	0	4	16	6	b	m	g	c	r	p	i	y	z	e	q	s	o	t	n	v	j	k	2	4	6	5	11	10	8	12	15	0	14	9	16	1	13	7	17	3	0	MBL_14May2019_12-14.txt	350	280	16	266.6666666666667	right	E	0	11	H	11
main	1	0	12	MBL	T1	0	False	False	True	i	e	m	b	f	s	r	h	g	d	z	k	v	l	c	p	j	w	1	7	11	9	14	2	8	10	12	13	6	0	4	17	3	5	15	16	i	e	m	b	f	s	r	h	g	d	z	k	v	l	c	p	j	w	11	0	6	15	2	13	8	14	3	10	12	7	16	4	9	17	1	5	0	MBL_14May2019_12-14.txt	350	280	16	266.6666666666667	left	G	1	6	G	0
main	1	0	12	MBL	T1	0	False	False	True	i	e	m	b	f	s	r	h	g	d	z	k	v	l	c	p	j	w	1	7	11	9	14	2	8	10	12	13	6	0	4	17	3	5	15	16	i	e	m	b	f	s	r	h	g	d	z	k	v	l	c	p	j	w	11	0	6	15	2	13	8	14	3	10	12	7	16	4	9	17	1	5	0	MBL_14May2019_12-14.txt	350	280	16	266.6666666666667	right	G	0	6	C	1
main	1	0	13	MBL	T1	0	False	False	False	m	n	p	h	t	d	l	c	r	z	a	j	o	g	v	s	f	e	12	11	15	0	1	6	4	7	10	9	13	3	17	2	5	8	16	14	m	n	p	h	t	d	l	c	r	z	a	j	o	g	v	s	f	e	4	10	17	14	12	5	15	1	7	9	8	13	3	11	0	2	6	16	0	MBL_14May2019_12-14.txt	350	280	16	266.6666666666667	left	L	0	5	I	9
main	1	0	13	MBL	T1	0	False	False	False	m	n	p	h	t	d	l	c	r	z	a	j	o	g	v	s	f	e	12	11	15	0	1	6	4	7	10	9	13	3	17	2	5	8	16	14	m	n	p	h	t	d	l	c	r	z	a	j	o	g	v	s	f	e	4	10	17	14	12	5	15	1	7	9	8	13	3	11	0	2	6	16	0	MBL_14May2019_12-14.txt	350	280	16	266.6666666666667	right	D	0	5	H	7
main	1	0	14	MBL	T1	0	False	False	True	t	e	h	f	g	m	i	d	n	j	x	c	v	l	a	z	w	o	11	8	13	5	1	12	9	2	14	6	0	4	3	7	15	17	16	10	t	e	h	f	g	m	i	d	n	j	x	c	v	l	a	z	w	o	17	15	9	14	8	0	2	1	10	12	6	4	13	11	5	16	3	7	0	MBL_14May2019_12-14.txt	350	280	16	266.6666666666667	left	V	1	5	V	0
main	1	0	14	MBL	T1	0	False	False	True	t	e	h	f	g	m	i	d	n	j	x	c	v	l	a	z	w	o	11	8	13	5	1	12	9	2	14	6	0	4	3	7	15	17	16	10	t	e	h	f	g	m	i	d	n	j	x	c	v	l	a	z	w	o	17	15	9	14	8	0	2	1	10	12	6	4	13	11	5	16	3	7	0	MBL_14May2019_12-14.txt	350	280	16	266.6666666666667	right	T	0	5	I	5
main	1	0	15	MBL	T1	0	False	False	False	t	a	w	f	n	b	e	r	k	u	j	d	s	l	h	m	q	o	14	5	8	10	7	11	13	9	0	3	12	15	1	17	6	4	16	2	t	a	w	f	n	b	e	r	k	u	j	d	s	l	h	m	q	o	10	13	15	1	4	17	16	12	0	11	5	9	14	8	3	6	2	7	0	MBL_14May2019_12-14.txt	350	280	16	266.6666666666667	left	L	1	6	L	0
main	1	0	15	MBL	T1	0	False	False	False	t	a	w	f	n	b	e	r	k	u	j	d	s	l	h	m	q	o	14	5	8	10	7	11	13	9	0	3	12	15	1	17	6	4	16	2	t	a	w	f	n	b	e	r	k	u	j	d	s	l	h	m	q	o	10	13	15	1	4	17	16	12	0	11	5	9	14	8	3	6	2	7	0	MBL_14May2019_12-14.txt	350	280	16	266.6666666666667	right	Q	0	6	H	6
main	1	0	16	MBL	T1	0	False	False	False	s	r	x	n	z	i	v	f	j	p	h	k	c	l	o	t	a	e	14	6	16	12	15	7	8	4	5	2	13	9	1	3	0	17	11	10	s	r	x	n	z	i	v	f	j	p	h	k	c	l	o	t	a	e	3	6	0	12	4	9	5	10	15	14	17	16	13	2	11	1	8	7	0	MBL_14May2019_12-14.txt	350	280	16	266.6666666666667	left	J	1	6	J	0
main	1	0	16	MBL	T1	0	False	False	False	s	r	x	n	z	i	v	f	j	p	h	k	c	l	o	t	a	e	14	6	16	12	15	7	8	4	5	2	13	9	1	3	0	17	11	10	s	r	x	n	z	i	v	f	j	p	h	k	c	l	o	t	a	e	3	6	0	12	4	9	5	10	15	14	17	16	13	2	11	1	8	7	0	MBL_14May2019_12-14.txt	350	280	16	266.6666666666667	right	I	0	6	H	1
main	1	0	17	MBL	T1	0	False	False	False	y	x	r	j	p	c	e	z	t	s	v	h	u	d	f	n	l	o	17	13	9	4	0	16	2	8	3	15	11	1	10	5	12	14	6	7	y	x	r	j	p	c	e	z	t	s	v	h	u	d	f	n	l	o	2	15	8	1	7	14	6	11	0	3	10	5	16	9	17	13	12	4	0	MBL_14May2019_12-14.txt	350	280	16	266.6666666666667	left	H	1	10	H	0
main	1	0	17	MBL	T1	0	False	False	False	y	x	r	j	p	c	e	z	t	s	v	h	u	d	f	n	l	o	17	13	9	4	0	16	2	8	3	15	11	1	10	5	12	14	6	7	y	x	r	j	p	c	e	z	t	s	v	h	u	d	f	n	l	o	2	15	8	1	7	14	6	11	0	3	10	5	16	9	17	13	12	4	0	MBL_14May2019_12-14.txt	350	280	16	266.6666666666667	right	V	0	10	X	-7
main	1	0	18	MBL	T1	0	False	False	True	z	u	y	e	b	s	w	i	f	d	x	v	q	g	n	t	a	k	9	2	7	12	5	1	0	17	8	11	13	16	15	3	6	4	10	14	z	u	y	e	b	s	w	i	f	d	x	v	q	g	n	t	a	k	14	16	3	5	12	2	9	1	11	6	7	4	10	0	15	17	13	8	0	MBL_14May2019_12-14.txt	350	280	16	266.6666666666667	left	K	1	7	K	0
main	1	0	18	MBL	T1	0	False	False	True	z	u	y	e	b	s	w	i	f	d	x	v	q	g	n	t	a	k	9	2	7	12	5	1	0	17	8	11	13	16	15	3	6	4	10	14	z	u	y	e	b	s	w	i	f	d	x	v	q	g	n	t	a	k	14	16	3	5	12	2	9	1	11	6	7	4	10	0	15	17	13	8	0	MBL_14May2019_12-14.txt	350	280	16	266.6666666666667	right	U	1	7	U	0
main	1	0	19	MBL	T1	0	False	False	True	d	f	q	w	c	u	k	i	l	r	o	m	g	x	t	n	p	a	4	6	8	5	10	7	13	16	3	14	15	1	12	9	17	0	2	11	d	f	q	w	c	u	k	i	l	r	o	m	g	x	t	n	p	a	4	10	0	16	6	8	9	11	12	13	1	5	3	17	14	7	15	2	0	MBL_14May2019_12-14.txt	350	280	16	266.6666666666667	left	N	1	10	N	0
main	1	0	19	MBL	T1	0	False	False	True	d	f	q	w	c	u	k	i	l	r	o	m	g	x	t	n	p	a	4	6	8	5	10	7	13	16	3	14	15	1	12	9	17	0	2	11	d	f	q	w	c	u	k	i	l	r	o	m	g	x	t	n	p	a	4	10	0	16	6	8	9	11	12	13	1	5	3	17	14	7	15	2	0	MBL_14May2019_12-14.txt	350	280	16	266.6666666666667	right	F	0	10	L	-5
main	1	0	20	MBL	T1	0	False	False	False	f	k	a	v	z	u	r	b	m	i	o	p	h	c	d	n	s	t	15	8	14	13	10	5	7	2	11	9	12	4	0	17	3	16	1	6	f	k	a	v	z	u	r	b	m	i	o	p	h	c	d	n	s	t	0	9	3	2	8	10	4	17	5	1	6	14	11	16	15	13	12	7	0	MBL_14May2019_12-14.txt	350	280	16	266.6666666666667	left	P	1	8	P	0
main	1	0	20	MBL	T1	0	False	False	False	f	k	a	v	z	u	r	b	m	i	o	p	h	c	d	n	s	t	15	8	14	13	10	5	7	2	11	9	12	4	0	17	3	16	1	6	f	k	a	v	z	u	r	b	m	i	o	p	h	c	d	n	s	t	0	9	3	2	8	10	4	17	5	1	6	14	11	16	15	13	12	7	0	MBL_14May2019_12-14.txt	350	280	16	266.6666666666667	right	U	1	8	U	0
main	1	0	21	MBL	T1	0	False	False	False	x	n	r	y	z	a	p	k	h	e	q	s	w	l	v	b	u	g	9	12	11	3	4	15	5	1	7	13	0	8	16	17	14	2	6	10	x	n	r	y	z	a	p	k	h	e	q	s	w	l	v	b	u	g	4	15	8	6	11	17	9	7	5	13	12	1	14	10	16	0	3	2	0	MBL_14May2019_12-14.txt	350	280	16	266.6666666666667	left	X	1	10	X	0
main	1	0	21	MBL	T1	0	False	False	False	x	n	r	y	z	a	p	k	h	e	q	s	w	l	v	b	u	g	9	12	11	3	4	15	5	1	7	13	0	8	16	17	14	2	6	10	x	n	r	y	z	a	p	k	h	e	q	s	w	l	v	b	u	g	4	15	8	6	11	17	9	7	5	13	12	1	14	10	16	0	3	2	0	MBL_14May2019_12-14.txt	350	280	16	266.6666666666667	right	W	1	10	W	0
main	1	0	22	MBL	T1	0	False	False	True	c	u	y	k	l	g	p	e	q	n	w	h	x	d	i	f	o	m	6	9	1	10	11	14	13	17	7	12	15	4	2	0	3	5	8	16	c	u	y	k	l	g	p	e	q	n	w	h	x	d	i	f	o	m	11	16	7	13	1	0	5	4	6	15	14	2	17	10	12	3	9	8	0	MBL_14May2019_12-14.txt	350	280	16	266.6666666666667	left	D	1	6	D	0
main	1	0	22	MBL	T1	0	False	False	True	c	u	y	k	l	g	p	e	q	n	w	h	x	d	i	f	o	m	6	9	1	10	11	14	13	17	7	12	15	4	2	0	3	5	8	16	c	u	y	k	l	g	p	e	q	n	w	h	x	d	i	f	o	m	11	16	7	13	1	0	5	4	6	15	14	2	17	10	12	3	9	8	0	MBL_14May2019_12-14.txt	350	280	16	266.6666666666667	right	G	0	6	H	-6
main	1	0	23	MBL	T1	0	False	False	True	q	n	b	s	e	z	g	r	f	y	l	v	x	d	h	a	i	m	0	17	11	12	2	14	5	3	4	1	10	9	6	7	15	8	16	13	q	n	b	s	e	z	g	r	f	y	l	v	x	d	h	a	i	m	16	13	14	9	3	15	5	2	0	17	11	6	1	7	8	12	4	10	0	MBL_14May2019_12-14.txt	350	280	16	266.6666666666667	left	N	1	9	N	0
main	1	0	23	MBL	T1	0	False	False	True	q	n	b	s	e	z	g	r	f	y	l	v	x	d	h	a	i	m	0	17	11	12	2	14	5	3	4	1	10	9	6	7	15	8	16	13	q	n	b	s	e	z	g	r	f	y	l	v	x	d	h	a	i	m	16	13	14	9	3	15	5	2	0	17	11	6	1	7	8	12	4	10	0	MBL_14May2019_12-14.txt	350	280	16	266.6666666666667	right	M	1	9	M	0
main	1	0	24	MBL	T1	0	False	False	False	j	k	u	x	q	e	m	h	p	g	r	z	y	d	o	t	a	n	3	6	5	14	11	1	9	16	15	13	2	7	4	17	0	8	12	10	j	k	u	x	q	e	m	h	p	g	r	z	y	d	o	t	a	n	7	6	3	5	17	12	10	8	4	0	13	11	9	16	2	14	15	1	0	MBL_14May2019_12-14.txt	350	280	16	266.6666666666667	left	U	1	10	U	0
main	1	0	24	MBL	T1	0	False	False	False	j	k	u	x	q	e	m	h	p	g	r	z	y	d	o	t	a	n	3	6	5	14	11	1	9	16	15	13	2	7	4	17	0	8	12	10	j	k	u	x	q	e	m	h	p	g	r	z	y	d	o	t	a	n	7	6	3	5	17	12	10	8	4	0	13	11	9	16	2	14	15	1	0	MBL_14May2019_12-14.txt	350	280	16	266.6666666666667	right	D	0	10	H	-10
main	1	0	25	MBL	T1	0	False	False	False	t	l	y	b	x	o	p	w	d	m	r	i	n	a	q	h	g	s	5	1	8	15	7	12	0	2	11	10	17	6	3	13	4	16	9	14	t	l	y	b	x	o	p	w	d	m	r	i	n	a	q	h	g	s	12	3	7	2	4	6	5	10	0	8	14	11	15	17	9	16	1	13	0	MBL_14May2019_12-14.txt	350	280	16	266.6666666666667	left	T	1	6	T	0
main	1	0	25	MBL	T1	0	False	False	False	t	l	y	b	x	o	p	w	d	m	r	i	n	a	q	h	g	s	5	1	8	15	7	12	0	2	11	10	17	6	3	13	4	16	9	14	t	l	y	b	x	o	p	w	d	m	r	i	n	a	q	h	g	s	12	3	7	2	4	6	5	10	0	8	14	11	15	17	9	16	1	13	0	MBL_14May2019_12-14.txt	350	280	16	266.6666666666667	right	O	1	6	O	0
main	1	0	26	MBL	T1	0	False	False	False	a	q	o	k	n	t	d	j	r	x	v	z	c	p	w	l	u	i	8	5	0	17	3	10	9	12	11	13	15	2	7	16	6	4	1	14	a	q	o	k	n	t	d	j	r	x	v	z	c	p	w	l	u	i	13	16	8	10	6	5	15	12	7	9	0	4	1	14	3	17	11	2	0	MBL_14May2019_12-14.txt	350	280	16	266.6666666666667	left	Z	1	8	Z	0
main	1	0	26	MBL	T1	0	False	False	False	a	q	o	k	n	t	d	j	r	x	v	z	c	p	w	l	u	i	8	5	0	17	3	10	9	12	11	13	15	2	7	16	6	4	1	14	a	q	o	k	n	t	d	j	r	x	v	z	c	p	w	l	u	i	13	16	8	10	6	5	15	12	7	9	0	4	1	14	3	17	11	2	0	MBL_14May2019_12-14.txt	350	280	16	266.6666666666667	right	J	1	8	J	0
main	1	0	27	MBL	T1	0	False	False	True	s	c	r	v	h	y	m	t	k	f	p	q	n	u	a	w	o	d	17	12	2	6	13	11	3	16	15	7	8	9	1	5	4	14	10	0	s	c	r	v	h	y	m	t	k	f	p	q	n	u	a	w	o	d	13	11	16	14	6	3	10	0	5	17	2	1	7	12	9	15	8	4	0	MBL_14May2019_12-14.txt	350	280	16	266.6666666666667	left	O	1	7	O	0
main	1	0	27	MBL	T1	0	False	False	True	s	c	r	v	h	y	m	t	k	f	p	q	n	u	a	w	o	d	17	12	2	6	13	11	3	16	15	7	8	9	1	5	4	14	10	0	s	c	r	v	h	y	m	t	k	f	p	q	n	u	a	w	o	d	13	11	16	14	6	3	10	0	5	17	2	1	7	12	9	15	8	4	0	MBL_14May2019_12-14.txt	350	280	16	266.6666666666667	right	S	0	7	Y	1
main	1	0	28	MBL	T1	0	False	False	True	i	z	t	a	p	o	y	b	r	m	v	c	u	n	e	x	h	k	12	9	16	2	3	10	11	13	6	0	4	5	1	14	17	15	7	8	i	z	t	a	p	o	y	b	r	m	v	c	u	n	e	x	h	k	14	8	7	16	3	1	15	12	6	10	4	5	17	9	11	2	0	13	0	MBL_14May2019_12-14.txt	350	280	16	266.6666666666667	left	P	1	10	P	0
main	1	0	28	MBL	T1	0	False	False	True	i	z	t	a	p	o	y	b	r	m	v	c	u	n	e	x	h	k	12	9	16	2	3	10	11	13	6	0	4	5	1	14	17	15	7	8	i	z	t	a	p	o	y	b	r	m	v	c	u	n	e	x	h	k	14	8	7	16	3	1	15	12	6	10	4	5	17	9	11	2	0	13	0	MBL_14May2019_12-14.txt	350	280	16	266.6666666666667	right	P	0	10	R	-9
main	1	0	29	MBL	T1	0	False	False	True	k	i	g	f	z	a	p	u	s	n	y	x	c	v	q	j	h	t	2	8	11	5	0	14	13	17	9	3	1	10	7	15	12	16	6	4	k	i	g	f	z	a	p	u	s	n	y	x	c	v	q	j	h	t	14	1	13	10	11	5	17	4	3	0	6	8	2	15	16	7	9	12	0	MBL_14May2019_12-14.txt	350	280	16	266.6666666666667	left	Y	1	11	Y	0
main	1	0	29	MBL	T1	0	False	False	True	k	i	g	f	z	a	p	u	s	n	y	x	c	v	q	j	h	t	2	8	11	5	0	14	13	17	9	3	1	10	7	15	12	16	6	4	k	i	g	f	z	a	p	u	s	n	y	x	c	v	q	j	h	t	14	1	13	10	11	5	17	4	3	0	6	8	2	15	16	7	9	12	0	MBL_14May2019_12-14.txt	350	280	16	266.6666666666667	right	S	1	11	S	0
main	1	0	30	MBL	T1	0	False	False	True	r	g	n	c	z	q	j	i	e	t	y	d	k	x	a	w	u	s	0	15	5	6	3	2	10	11	16	14	1	7	4	12	9	8	13	17	r	g	n	c	z	q	j	i	e	t	y	d	k	x	a	w	u	s	10	2	5	17	13	14	15	12	11	4	6	1	0	8	7	16	3	9	0	MBL_14May2019_12-14.txt	350	280	16	266.6666666666667	left	A	1	9	A	0
main	1	0	30	MBL	T1	0	False	False	True	r	g	n	c	z	q	j	i	e	t	y	d	k	x	a	w	u	s	0	15	5	6	3	2	10	11	16	14	1	7	4	12	9	8	13	17	r	g	n	c	z	q	j	i	e	t	y	d	k	x	a	w	u	s	10	2	5	17	13	14	15	12	11	4	6	1	0	8	7	16	3	9	0	MBL_14May2019_12-14.txt	350	280	16	266.6666666666667	right	Z	1	9	Z	0
main	1	0	31	MBL	T1	0	False	False	False	p	e	y	j	b	o	s	h	k	f	m	r	w	a	g	l	z	n	1	7	14	17	8	0	15	3	11	4	12	2	6	16	13	9	5	10	p	e	y	j	b	o	s	h	k	f	m	r	w	a	g	l	z	n	2	12	11	5	13	16	14	7	3	1	15	0	9	10	8	17	4	6	0	MBL_14May2019_12-14.txt	350	280	16	266.6666666666667	left	P	1	5	P	0
main	1	0	31	MBL	T1	0	False	False	False	p	e	y	j	b	o	s	h	k	f	m	r	w	a	g	l	z	n	1	7	14	17	8	0	15	3	11	4	12	2	6	16	13	9	5	10	p	e	y	j	b	o	s	h	k	f	m	r	w	a	g	l	z	n	2	12	11	5	13	16	14	7	3	1	15	0	9	10	8	17	4	6	0	MBL_14May2019_12-14.txt	350	280	16	266.6666666666667	right	Z	1	5	Z	0
main	1	0	32	MBL	T1	0	False	False	False	i	y	n	l	r	z	u	d	p	e	t	f	k	j	w	a	b	g	3	5	6	15	13	11	7	1	17	16	2	8	10	0	4	14	12	9	i	y	n	l	r	z	u	d	p	e	t	f	k	j	w	a	b	g	1	9	0	14	7	6	5	11	8	2	16	4	15	13	3	12	17	10	0	MBL_14May2019_12-14.txt	350	280	16	266.6666666666667	left	D	1	6	D	0
main	1	0	32	MBL	T1	0	False	False	False	i	y	n	l	r	z	u	d	p	e	t	f	k	j	w	a	b	g	3	5	6	15	13	11	7	1	17	16	2	8	10	0	4	14	12	9	i	y	n	l	r	z	u	d	p	e	t	f	k	j	w	a	b	g	1	9	0	14	7	6	5	11	8	2	16	4	15	13	3	12	17	10	0	MBL_14May2019_12-14.txt	350	280	16	266.6666666666667	right	Z	0	6	X	9
main	1	0	33	MBL	T1	0	False	False	False	m	v	s	r	f	g	j	z	o	y	l	k	q	t	i	x	p	e	11	13	12	6	5	9	1	4	14	16	8	15	10	17	7	3	2	0	m	v	s	r	f	g	j	z	o	y	l	k	q	t	i	x	p	e	14	16	11	4	3	5	17	13	10	6	7	12	2	8	15	1	0	9	1	MBL_14May2019_12-14.txt	350	280	16	266.6666666666667	left	F	1	7	F	0
main	1	0	33	MBL	T1	0	False	False	False	m	v	s	r	f	g	j	z	o	y	l	k	q	t	i	x	p	e	11	13	12	6	5	9	1	4	14	16	8	15	10	17	7	3	2	0	m	v	s	r	f	g	j	z	o	y	l	k	q	t	i	x	p	e	14	16	11	4	3	5	17	13	10	6	7	12	2	8	15	1	0	9	1	MBL_14May2019_12-14.txt	350	280	16	266.6666666666667	right	T	0	7	I	-7
main	1	0	34	MBL	T1	0	False	False	False	p	v	f	l	c	k	y	m	j	n	q	u	s	w	h	b	t	g	14	11	17	16	7	0	8	13	10	3	1	12	4	6	9	2	15	5	p	v	f	l	c	k	y	m	j	n	q	u	s	w	h	b	t	g	1	8	7	11	3	15	0	13	14	2	4	17	5	12	16	10	6	9	0	MBL_14May2019_12-14.txt	350	280	16	266.6666666666667	left	P	1	5	P	0
main	1	0	34	MBL	T1	0	False	False	False	p	v	f	l	c	k	y	m	j	n	q	u	s	w	h	b	t	g	14	11	17	16	7	0	8	13	10	3	1	12	4	6	9	2	15	5	p	v	f	l	c	k	y	m	j	n	q	u	s	w	h	b	t	g	1	8	7	11	3	15	0	13	14	2	4	17	5	12	16	10	6	9	0	MBL_14May2019_12-14.txt	350	280	16	266.6666666666667	right	B	0	5	V	-5
main	1	0	35	MBL	T1	0	False	False	False	x	t	d	l	o	v	r	e	j	q	c	p	f	a	m	w	y	z	1	10	2	16	11	17	13	5	4	9	7	6	12	14	8	15	3	0	x	t	d	l	o	v	r	e	j	q	c	p	f	a	m	w	y	z	12	5	17	8	0	2	15	9	7	16	13	10	3	4	11	1	6	14	0	MBL_14May2019_12-14.txt	350	280	16	266.6666666666667	left	E	1	10	E	0
main	1	0	35	MBL	T1	0	False	False	False	x	t	d	l	o	v	r	e	j	q	c	p	f	a	m	w	y	z	1	10	2	16	11	17	13	5	4	9	7	6	12	14	8	15	3	0	x	t	d	l	o	v	r	e	j	q	c	p	f	a	m	w	y	z	12	5	17	8	0	2	15	9	7	16	13	10	3	4	11	1	6	14	0	MBL_14May2019_12-14.txt	350	280	16	266.6666666666667	right	A	0	10	V	-9
main	1	0	36	MBL	T1	0	False	False	True	n	o	i	r	v	u	y	j	k	s	p	m	a	l	d	w	t	b	5	3	1	13	2	14	17	7	12	8	10	0	16	6	4	15	11	9	n	o	i	r	v	u	y	j	k	s	p	m	a	l	d	w	t	b	16	6	0	9	10	4	2	14	1	17	3	13	12	15	8	5	7	11	0	MBL_14May2019_12-14.txt	350	280	16	266.6666666666667	left	A	1	8	A	0
main	1	0	36	MBL	T1	0	False	False	True	n	o	i	r	v	u	y	j	k	s	p	m	a	l	d	w	t	b	5	3	1	13	2	14	17	7	12	8	10	0	16	6	4	15	11	9	n	o	i	r	v	u	y	j	k	s	p	m	a	l	d	w	t	b	16	6	0	9	10	4	2	14	1	17	3	13	12	15	8	5	7	11	0	MBL_14May2019_12-14.txt	350	280	16	266.6666666666667	right	O	0	8	U	7
main	1	0	37	MBL	T1	0	False	False	True	f	r	a	w	y	i	t	e	v	k	m	u	q	p	x	o	z	g	11	15	6	0	14	1	4	12	2	7	9	13	8	5	3	16	10	17	f	r	a	w	y	i	t	e	v	k	m	u	q	p	x	o	z	g	7	5	9	1	16	6	15	10	14	17	12	2	0	11	4	3	13	8	0	MBL_14May2019_12-14.txt	350	280	16	266.6666666666667	left	V	1	12	V	0
main	1	0	37	MBL	T1	0	False	False	True	f	r	a	w	y	i	t	e	v	k	m	u	q	p	x	o	z	g	11	15	6	0	14	1	4	12	2	7	9	13	8	5	3	16	10	17	f	r	a	w	y	i	t	e	v	k	m	u	q	p	x	o	z	g	7	5	9	1	16	6	15	10	14	17	12	2	0	11	4	3	13	8	0	MBL_14May2019_12-14.txt	350	280	16	266.6666666666667	right	F	0	12	I	-11
main	1	0	38	MBL	T1	0	False	False	False	g	r	d	n	x	q	i	j	t	y	p	u	z	v	a	k	m	l	11	1	10	14	2	0	12	7	17	4	13	16	5	15	6	8	3	9	g	r	d	n	x	q	i	j	t	y	p	u	z	v	a	k	m	l	0	9	6	17	10	8	15	4	2	5	13	16	11	12	1	3	14	7	0	MBL_14May2019_12-14.txt	350	280	16	266.6666666666667	left	Q	1	12	Q	0
main	1	0	38	MBL	T1	0	False	False	False	g	r	d	n	x	q	i	j	t	y	p	u	z	v	a	k	m	l	11	1	10	14	2	0	12	7	17	4	13	16	5	15	6	8	3	9	g	r	d	n	x	q	i	j	t	y	p	u	z	v	a	k	m	l	0	9	6	17	10	8	15	4	2	5	13	16	11	12	1	3	14	7	0	MBL_14May2019_12-14.txt	350	280	16	266.6666666666667	right	U	0	12	H	10
main	1	0	39	MBL	T1	0	False	False	True	a	p	q	c	i	z	x	t	o	k	l	n	v	w	j	s	f	d	3	9	16	13	17	6	1	8	4	11	14	15	2	10	5	12	7	0	a	p	q	c	i	z	x	t	o	k	l	n	v	w	j	s	f	d	8	1	7	15	13	5	4	17	11	9	12	16	14	0	2	10	3	6	0	MBL_14May2019_12-14.txt	350	280	16	266.6666666666667	left	P	1	6	P	0
main	1	0	39	MBL	T1	0	False	False	True	a	p	q	c	i	z	x	t	o	k	l	n	v	w	j	s	f	d	3	9	16	13	17	6	1	8	4	11	14	15	2	10	5	12	7	0	a	p	q	c	i	z	x	t	o	k	l	n	v	w	j	s	f	d	8	1	7	15	13	5	4	17	11	9	12	16	14	0	2	10	3	6	0	MBL_14May2019_12-14.txt	350	280	16	266.6666666666667	right	I	0	6	L	9
main	1	0	40	MBL	T1	0	False	False	True	t	m	z	e	i	k	b	n	r	j	x	y	c	s	q	p	v	u	17	11	10	6	8	2	16	14	9	4	0	12	7	1	3	5	13	15	t	m	z	e	i	k	b	n	r	j	x	y	c	s	q	p	v	u	7	13	9	5	3	15	16	10	6	4	2	1	0	12	17	14	8	11	2	MBL_14May2019_12-14.txt	350	280	16	266.6666666666667	left	T	1	10	T	0
main	1	0	40	MBL	T1	0	False	False	True	t	m	z	e	i	k	b	n	r	j	x	y	c	s	q	p	v	u	17	11	10	6	8	2	16	14	9	4	0	12	7	1	3	5	13	15	t	m	z	e	i	k	b	n	r	j	x	y	c	s	q	p	v	u	7	13	9	5	3	15	16	10	6	4	2	1	0	12	17	14	8	11	2	MBL_14May2019_12-14.txt	350	280	16	266.6666666666667	right	Z	1	10	Z	0
main	1	0	41	MBL	T1	0	False	False	False	i	k	m	d	v	n	a	j	p	o	x	h	e	l	u	c	w	b	17	12	14	13	8	1	9	7	3	16	10	5	6	0	4	15	11	2	i	k	m	d	v	n	a	j	p	o	x	h	e	l	u	c	w	b	3	5	10	15	12	9	0	13	4	8	16	7	6	17	1	14	11	2	0	MBL_14May2019_12-14.txt	350	280	16	266.6666666666667	left	N	1	11	N	0
main	1	0	41	MBL	T1	0	False	False	False	i	k	m	d	v	n	a	j	p	o	x	h	e	l	u	c	w	b	17	12	14	13	8	1	9	7	3	16	10	5	6	0	4	15	11	2	i	k	m	d	v	n	a	j	p	o	x	h	e	l	u	c	w	b	3	5	10	15	12	9	0	13	4	8	16	7	6	17	1	14	11	2	0	MBL_14May2019_12-14.txt	350	280	16	266.6666666666667	right	J	0	11	I	-5
main	1	0	42	MBL	T1	0	False	False	True	d	m	q	t	l	i	h	u	s	j	w	v	x	p	y	n	o	r	12	4	15	3	17	7	0	13	1	11	6	16	2	5	10	8	14	9	d	m	q	t	l	i	h	u	s	j	w	v	x	p	y	n	o	r	0	15	2	8	13	17	16	6	3	4	5	14	9	12	1	7	10	11	0	MBL_14May2019_12-14.txt	350	280	16	266.6666666666667	left	O	1	11	O	0
main	1	0	42	MBL	T1	0	False	False	True	d	m	q	t	l	i	h	u	s	j	w	v	x	p	y	n	o	r	12	4	15	3	17	7	0	13	1	11	6	16	2	5	10	8	14	9	d	m	q	t	l	i	h	u	s	j	w	v	x	p	y	n	o	r	0	15	2	8	13	17	16	6	3	4	5	14	9	12	1	7	10	11	0	MBL_14May2019_12-14.txt	350	280	16	266.6666666666667	right	Y	1	11	Y	0
